Date,Police_Station,Total_Crimes
2022-01-31,Vanrai,313
2022-01-31,Bangur Nagar,206
2022-01-31,Meghwadi,233
2022-01-31,Bandra,58
2022-01-31,Vakola,115
2022-01-31,Ghatkopar,144
2022-01-31,Chembur,305
2022-01-31,Dadar,315
2022-01-31,Bhoiwada,76
2022-01-31,Tardeo,125
2022-01-31,Yellow Gate,113
2022-01-31,Pydhonie,304
2022-01-31,Colaba,205
2022-01-31,Dindoshi,132
2022-01-31,Goregaon,319
2022-01-31,Sakinaka,218
2022-01-31,Khar,218
2022-01-31,VileParle,216
2022-01-31,PantNagar,373
2022-01-31,Nehru Nagar,371
2022-01-31,Shivaji Park,102
2022-01-31,Kalachowki,124
2022-01-31,Nagpada,216
2022-01-31,Wadala,67
2022-01-31,L. T. Marg,261
2022-01-31,Cuffe Parade,78
2022-01-31,Kurar,187
2022-01-31,Malad,176
2022-01-31,Powai,168
2022-01-31,Santacruz,236
2022-01-31,Kherwadi,320
2022-01-31,Vikhroli,129
2022-01-31,Trombay,235
2022-01-31,Mahim,249
2022-01-31,Matunga,103
2022-01-31,Agripada,155
2022-01-31,Sewree,65
2022-01-31,V. P. Road,223
2022-01-31,Azad Maidan,274
2022-01-31,Samta Nagar,207
2022-01-31,Malvani,361
2022-01-31,M I D C,150
2022-01-31,Juhu,319
2022-01-31,B.K.C.,116
2022-01-31,Kanjurmarg,179
2022-01-31,R.C.F.,90
2022-01-31,Shahu nagar,204
2022-01-31,R.A.K. Marg,172
2022-01-31,Byculla,280
2022-01-31,Dr.D.B Marg,195
2022-01-31,M.R.A. Marg,357
2022-01-31,Kasturba marg,341
2022-01-31,Borivali,282
2022-01-31,Andheri,94
2022-01-31,D. N. Nagar,300
2022-01-31,Nirmal Nagar,222
2022-01-31,Navghar,167
2022-01-31,Deonar,128
2022-01-31,Kurla,252
2022-01-31,Sion,325
2022-01-31,Worli,228
2022-01-31,Gamdevi,91
2022-01-31,Dongri,96
2022-01-31,Dahisar,76
2022-01-31,Kandivali,261
2022-01-31,Jogeshwari,298
2022-01-31,Versova,89
2022-01-31,Sahar,41
2022-01-31,Bhandup,141
2022-01-31,Shivaji Nagar,214
2022-01-31,Vinoba Bhave Nagar,121
2022-01-31,Antop Hill,231
2022-01-31,N. M. Joshi Marg,221
2022-01-31,Malabar Hill,165
2022-01-31,Sir J.J. Marg,374
2022-01-31,Aarey,343
2022-01-31,Charkop,254
2022-01-31,Oshiwara,348
2022-01-31,Airport,165
2022-01-31,Mulund,240
2022-01-31,Tilak Nagar,89
2022-01-31,Dharavi,295
2022-01-31,Wadala Truck Terminal,262
2022-01-31,Marine Drive,327
2022-01-31,M.H.B. Colony,262
2022-01-31,Amboli,213
2022-01-31,Parksite,109
2022-01-31,Chunabhatti,71
2022-01-31,Gorai,98
2022-01-31,Mankhurd,135
2022-01-31,Govandi,51
2022-02-28,Vanrai,350
2022-02-28,Bangur Nagar,224
2022-02-28,Meghwadi,231
2022-02-28,Bandra,49
2022-02-28,Vakola,122
2022-02-28,Ghatkopar,142
2022-02-28,Chembur,308
2022-02-28,Dadar,357
2022-02-28,Bhoiwada,94
2022-02-28,Tardeo,132
2022-02-28,Yellow Gate,139
2022-02-28,Pydhonie,277
2022-02-28,Colaba,227
2022-02-28,Dindoshi,181
2022-02-28,Goregaon,286
2022-02-28,Sakinaka,258
2022-02-28,Khar,249
2022-02-28,VileParle,236
2022-02-28,PantNagar,326
2022-02-28,Nehru Nagar,327
2022-02-28,Shivaji Park,121
2022-02-28,Kalachowki,123
2022-02-28,Nagpada,210
2022-02-28,Wadala,83
2022-02-28,L. T. Marg,246
2022-02-28,Cuffe Parade,79
2022-02-28,Kurar,168
2022-02-28,Malad,193
2022-02-28,Powai,175
2022-02-28,Santacruz,181
2022-02-28,Kherwadi,334
2022-02-28,Vikhroli,136
2022-02-28,Trombay,247
2022-02-28,Mahim,300
2022-02-28,Matunga,67
2022-02-28,Agripada,188
2022-02-28,Sewree,72
2022-02-28,V. P. Road,262
2022-02-28,Azad Maidan,286
2022-02-28,Samta Nagar,244
2022-02-28,Malvani,338
2022-02-28,M I D C,139
2022-02-28,Juhu,303
2022-02-28,B.K.C.,91
2022-02-28,Kanjurmarg,185
2022-02-28,R.C.F.,74
2022-02-28,Shahu nagar,165
2022-02-28,R.A.K. Marg,196
2022-02-28,Byculla,325
2022-02-28,Dr.D.B Marg,193
2022-02-28,M.R.A. Marg,332
2022-02-28,Kasturba marg,339
2022-02-28,Borivali,281
2022-02-28,Andheri,58
2022-02-28,D. N. Nagar,306
2022-02-28,Nirmal Nagar,242
2022-02-28,Navghar,161
2022-02-28,Deonar,87
2022-02-28,Kurla,229
2022-02-28,Sion,306
2022-02-28,Worli,198
2022-02-28,Gamdevi,84
2022-02-28,Dongri,114
2022-02-28,Dahisar,95
2022-02-28,Kandivali,272
2022-02-28,Jogeshwari,307
2022-02-28,Versova,38
2022-02-28,Sahar,69
2022-02-28,Bhandup,108
2022-02-28,Shivaji Nagar,216
2022-02-28,Vinoba Bhave Nagar,140
2022-02-28,Antop Hill,281
2022-02-28,N. M. Joshi Marg,213
2022-02-28,Malabar Hill,135
2022-02-28,Sir J.J. Marg,331
2022-02-28,Aarey,370
2022-02-28,Charkop,277
2022-02-28,Oshiwara,313
2022-02-28,Airport,160
2022-02-28,Mulund,227
2022-02-28,Tilak Nagar,117
2022-02-28,Dharavi,282
2022-02-28,Wadala Truck Terminal,278
2022-02-28,Marine Drive,329
2022-02-28,M.H.B. Colony,233
2022-02-28,Amboli,235
2022-02-28,Parksite,99
2022-02-28,Chunabhatti,107
2022-02-28,Gorai,105
2022-02-28,Mankhurd,113
2022-02-28,Govandi,43
2022-03-31,Vanrai,331
2022-03-31,Bangur Nagar,236
2022-03-31,Meghwadi,227
2022-03-31,Bandra,52
2022-03-31,Vakola,136
2022-03-31,Ghatkopar,164
2022-03-31,Chembur,337
2022-03-31,Dadar,367
2022-03-31,Bhoiwada,74
2022-03-31,Tardeo,157
2022-03-31,Yellow Gate,121
2022-03-31,Pydhonie,271
2022-03-31,Colaba,204
2022-03-31,Dindoshi,157
2022-03-31,Goregaon,279
2022-03-31,Sakinaka,249
2022-03-31,Khar,249
2022-03-31,VileParle,233
2022-03-31,PantNagar,327
2022-03-31,Nehru Nagar,336
2022-03-31,Shivaji Park,147
2022-03-31,Kalachowki,173
2022-03-31,Nagpada,253
2022-03-31,Wadala,45
2022-03-31,L. T. Marg,253
2022-03-31,Cuffe Parade,121
2022-03-31,Kurar,169
2022-03-31,Malad,205
2022-03-31,Powai,168
2022-03-31,Santacruz,231
2022-03-31,Kherwadi,360
2022-03-31,Vikhroli,130
2022-03-31,Trombay,214
2022-03-31,Mahim,252
2022-03-31,Matunga,119
2022-03-31,Agripada,164
2022-03-31,Sewree,65
2022-03-31,V. P. Road,266
2022-03-31,Azad Maidan,263
2022-03-31,Samta Nagar,196
2022-03-31,Malvani,334
2022-03-31,M I D C,151
2022-03-31,Juhu,285
2022-03-31,B.K.C.,93
2022-03-31,Kanjurmarg,194
2022-03-31,R.C.F.,97
2022-03-31,Shahu nagar,187
2022-03-31,R.A.K. Marg,192
2022-03-31,Byculla,293
2022-03-31,Dr.D.B Marg,181
2022-03-31,M.R.A. Marg,345
2022-03-31,Kasturba marg,323
2022-03-31,Borivali,293
2022-03-31,Andheri,56
2022-03-31,D. N. Nagar,307
2022-03-31,Nirmal Nagar,198
2022-03-31,Navghar,141
2022-03-31,Deonar,88
2022-03-31,Kurla,280
2022-03-31,Sion,310
2022-03-31,Worli,236
2022-03-31,Gamdevi,86
2022-03-31,Dongri,104
2022-03-31,Dahisar,95
2022-03-31,Kandivali,261
2022-03-31,Jogeshwari,289
2022-03-31,Versova,48
2022-03-31,Sahar,57
2022-03-31,Bhandup,135
2022-03-31,Shivaji Nagar,204
2022-03-31,Vinoba Bhave Nagar,106
2022-03-31,Antop Hill,270
2022-03-31,N. M. Joshi Marg,179
2022-03-31,Malabar Hill,132
2022-03-31,Sir J.J. Marg,373
2022-03-31,Aarey,339
2022-03-31,Charkop,287
2022-03-31,Oshiwara,319
2022-03-31,Airport,166
2022-03-31,Mulund,205
2022-03-31,Tilak Nagar,135
2022-03-31,Dharavi,331
2022-03-31,Wadala Truck Terminal,256
2022-03-31,Marine Drive,327
2022-03-31,M.H.B. Colony,236
2022-03-31,Amboli,223
2022-03-31,Parksite,117
2022-03-31,Chunabhatti,102
2022-03-31,Gorai,53
2022-03-31,Mankhurd,92
2022-03-31,Govandi,67
2022-04-30,Vanrai,335
2022-04-30,Bangur Nagar,207
2022-04-30,Meghwadi,216
2022-04-30,Bandra,69
2022-04-30,Vakola,85
2022-04-30,Ghatkopar,162
2022-04-30,Chembur,304
2022-04-30,Dadar,362
2022-04-30,Bhoiwada,85
2022-04-30,Tardeo,123
2022-04-30,Yellow Gate,106
2022-04-30,Pydhonie,308
2022-04-30,Colaba,222
2022-04-30,Dindoshi,169
2022-04-30,Goregaon,316
2022-04-30,Sakinaka,227
2022-04-30,Khar,234
2022-04-30,VileParle,189
2022-04-30,PantNagar,352
2022-04-30,Nehru Nagar,347
2022-04-30,Shivaji Park,98
2022-04-30,Kalachowki,144
2022-04-30,Nagpada,236
2022-04-30,Wadala,74
2022-04-30,L. T. Marg,277
2022-04-30,Cuffe Parade,107
2022-04-30,Kurar,149
2022-04-30,Malad,207
2022-04-30,Powai,198
2022-04-30,Santacruz,181
2022-04-30,Kherwadi,370
2022-04-30,Vikhroli,153
2022-04-30,Trombay,223
2022-04-30,Mahim,259
2022-04-30,Matunga,90
2022-04-30,Agripada,182
2022-04-30,Sewree,32
2022-04-30,V. P. Road,264
2022-04-30,Azad Maidan,296
2022-04-30,Samta Nagar,245
2022-04-30,Malvani,360
2022-04-30,M I D C,161
2022-04-30,Juhu,324
2022-04-30,B.K.C.,115
2022-04-30,Kanjurmarg,210
2022-04-30,R.C.F.,125
2022-04-30,Shahu nagar,222
2022-04-30,R.A.K. Marg,178
2022-04-30,Byculla,321
2022-04-30,Dr.D.B Marg,224
2022-04-30,M.R.A. Marg,318
2022-04-30,Kasturba marg,345
2022-04-30,Borivali,277
2022-04-30,Andheri,58
2022-04-30,D. N. Nagar,326
2022-04-30,Nirmal Nagar,239
2022-04-30,Navghar,181
2022-04-30,Deonar,81
2022-04-30,Kurla,263
2022-04-30,Sion,335
2022-04-30,Worli,202
2022-04-30,Gamdevi,62
2022-04-30,Dongri,123
2022-04-30,Dahisar,84
2022-04-30,Kandivali,297
2022-04-30,Jogeshwari,307
2022-04-30,Versova,87
2022-04-30,Sahar,40
2022-04-30,Bhandup,116
2022-04-30,Shivaji Nagar,259
2022-04-30,Vinoba Bhave Nagar,140
2022-04-30,Antop Hill,241
2022-04-30,N. M. Joshi Marg,203
2022-04-30,Malabar Hill,144
2022-04-30,Sir J.J. Marg,327
2022-04-30,Aarey,350
2022-04-30,Charkop,293
2022-04-30,Oshiwara,321
2022-04-30,Airport,163
2022-04-30,Mulund,239
2022-04-30,Tilak Nagar,99
2022-04-30,Dharavi,328
2022-04-30,Wadala Truck Terminal,242
2022-04-30,Marine Drive,331
2022-04-30,M.H.B. Colony,212
2022-04-30,Amboli,198
2022-04-30,Parksite,93
2022-04-30,Chunabhatti,65
2022-04-30,Gorai,94
2022-04-30,Mankhurd,87
2022-04-30,Govandi,48
2022-05-31,Vanrai,373
2022-05-31,Bangur Nagar,238
2022-05-31,Meghwadi,269
2022-05-31,Bandra,89
2022-05-31,Vakola,117
2022-05-31,Ghatkopar,198
2022-05-31,Chembur,374
2022-05-31,Dadar,359
2022-05-31,Bhoiwada,146
2022-05-31,Tardeo,159
2022-05-31,Yellow Gate,107
2022-05-31,Pydhonie,304
2022-05-31,Colaba,279
2022-05-31,Dindoshi,190
2022-05-31,Goregaon,355
2022-05-31,Sakinaka,262
2022-05-31,Khar,246
2022-05-31,VileParle,204
2022-05-31,PantNagar,356
2022-05-31,Nehru Nagar,387
2022-05-31,Shivaji Park,108
2022-05-31,Kalachowki,155
2022-05-31,Nagpada,265
2022-05-31,Wadala,101
2022-05-31,L. T. Marg,280
2022-05-31,Cuffe Parade,95
2022-05-31,Kurar,244
2022-05-31,Malad,247
2022-05-31,Powai,226
2022-05-31,Santacruz,260
2022-05-31,Kherwadi,347
2022-05-31,Vikhroli,121
2022-05-31,Trombay,294
2022-05-31,Mahim,304
2022-05-31,Matunga,116
2022-05-31,Agripada,184
2022-05-31,Sewree,92
2022-05-31,V. P. Road,282
2022-05-31,Azad Maidan,329
2022-05-31,Samta Nagar,220
2022-05-31,Malvani,373
2022-05-31,M I D C,163
2022-05-31,Juhu,322
2022-05-31,B.K.C.,139
2022-05-31,Kanjurmarg,251
2022-05-31,R.C.F.,102
2022-05-31,Shahu nagar,198
2022-05-31,R.A.K. Marg,172
2022-05-31,Byculla,313
2022-05-31,Dr.D.B Marg,235
2022-05-31,M.R.A. Marg,373
2022-05-31,Kasturba marg,365
2022-05-31,Borivali,282
2022-05-31,Andheri,121
2022-05-31,D. N. Nagar,379
2022-05-31,Nirmal Nagar,244
2022-05-31,Navghar,213
2022-05-31,Deonar,129
2022-05-31,Kurla,249
2022-05-31,Sion,372
2022-05-31,Worli,233
2022-05-31,Gamdevi,81
2022-05-31,Dongri,112
2022-05-31,Dahisar,125
2022-05-31,Kandivali,332
2022-05-31,Jogeshwari,325
2022-05-31,Versova,96
2022-05-31,Sahar,113
2022-05-31,Bhandup,176
2022-05-31,Shivaji Nagar,281
2022-05-31,Vinoba Bhave Nagar,136
2022-05-31,Antop Hill,308
2022-05-31,N. M. Joshi Marg,225
2022-05-31,Malabar Hill,180
2022-05-31,Sir J.J. Marg,372
2022-05-31,Aarey,357
2022-05-31,Charkop,336
2022-05-31,Oshiwara,342
2022-05-31,Airport,237
2022-05-31,Mulund,266
2022-05-31,Tilak Nagar,151
2022-05-31,Dharavi,376
2022-05-31,Wadala Truck Terminal,317
2022-05-31,Marine Drive,387
2022-05-31,M.H.B. Colony,297
2022-05-31,Amboli,298
2022-05-31,Parksite,159
2022-05-31,Chunabhatti,129
2022-05-31,Gorai,135
2022-05-31,Mankhurd,156
2022-05-31,Govandi,96
2022-06-30,Vanrai,372
2022-06-30,Bangur Nagar,242
2022-06-30,Meghwadi,270
2022-06-30,Bandra,137
2022-06-30,Vakola,163
2022-06-30,Ghatkopar,186
2022-06-30,Chembur,345
2022-06-30,Dadar,358
2022-06-30,Bhoiwada,104
2022-06-30,Tardeo,168
2022-06-30,Yellow Gate,154
2022-06-30,Pydhonie,293
2022-06-30,Colaba,235
2022-06-30,Dindoshi,151
2022-06-30,Goregaon,322
2022-06-30,Sakinaka,287
2022-06-30,Khar,266
2022-06-30,VileParle,243
2022-06-30,PantNagar,358
2022-06-30,Nehru Nagar,377
2022-06-30,Shivaji Park,142
2022-06-30,Kalachowki,149
2022-06-30,Nagpada,217
2022-06-30,Wadala,90
2022-06-30,L. T. Marg,294
2022-06-30,Cuffe Parade,163
2022-06-30,Kurar,182
2022-06-30,Malad,237
2022-06-30,Powai,227
2022-06-30,Santacruz,220
2022-06-30,Kherwadi,341
2022-06-30,Vikhroli,135
2022-06-30,Trombay,298
2022-06-30,Mahim,332
2022-06-30,Matunga,166
2022-06-30,Agripada,194
2022-06-30,Sewree,69
2022-06-30,V. P. Road,266
2022-06-30,Azad Maidan,299
2022-06-30,Samta Nagar,260
2022-06-30,Malvani,387
2022-06-30,M I D C,165
2022-06-30,Juhu,356
2022-06-30,B.K.C.,161
2022-06-30,Kanjurmarg,251
2022-06-30,R.C.F.,138
2022-06-30,Shahu nagar,232
2022-06-30,R.A.K. Marg,169
2022-06-30,Byculla,290
2022-06-30,Dr.D.B Marg,195
2022-06-30,M.R.A. Marg,322
2022-06-30,Kasturba marg,331
2022-06-30,Borivali,336
2022-06-30,Andheri,92
2022-06-30,D. N. Nagar,331
2022-06-30,Nirmal Nagar,225
2022-06-30,Navghar,189
2022-06-30,Deonar,134
2022-06-30,Kurla,259
2022-06-30,Sion,392
2022-06-30,Worli,220
2022-06-30,Gamdevi,71
2022-06-30,Dongri,169
2022-06-30,Dahisar,70
2022-06-30,Kandivali,310
2022-06-30,Jogeshwari,334
2022-06-30,Versova,85
2022-06-30,Sahar,94
2022-06-30,Bhandup,167
2022-06-30,Shivaji Nagar,304
2022-06-30,Vinoba Bhave Nagar,158
2022-06-30,Antop Hill,292
2022-06-30,N. M. Joshi Marg,213
2022-06-30,Malabar Hill,163
2022-06-30,Sir J.J. Marg,418
2022-06-30,Aarey,341
2022-06-30,Charkop,298
2022-06-30,Oshiwara,400
2022-06-30,Airport,169
2022-06-30,Mulund,244
2022-06-30,Tilak Nagar,141
2022-06-30,Dharavi,327
2022-06-30,Wadala Truck Terminal,260
2022-06-30,Marine Drive,411
2022-06-30,M.H.B. Colony,293
2022-06-30,Amboli,249
2022-06-30,Parksite,115
2022-06-30,Chunabhatti,91
2022-06-30,Gorai,116
2022-06-30,Mankhurd,141
2022-06-30,Govandi,132
2022-07-31,Vanrai,307
2022-07-31,Bangur Nagar,193
2022-07-31,Meghwadi,228
2022-07-31,Bandra,75
2022-07-31,Vakola,86
2022-07-31,Ghatkopar,133
2022-07-31,Chembur,286
2022-07-31,Dadar,345
2022-07-31,Bhoiwada,96
2022-07-31,Tardeo,104
2022-07-31,Yellow Gate,144
2022-07-31,Pydhonie,305
2022-07-31,Colaba,195
2022-07-31,Dindoshi,149
2022-07-31,Goregaon,308
2022-07-31,Sakinaka,229
2022-07-31,Khar,257
2022-07-31,VileParle,213
2022-07-31,PantNagar,341
2022-07-31,Nehru Nagar,347
2022-07-31,Shivaji Park,141
2022-07-31,Kalachowki,137
2022-07-31,Nagpada,210
2022-07-31,Wadala,70
2022-07-31,L. T. Marg,243
2022-07-31,Cuffe Parade,97
2022-07-31,Kurar,163
2022-07-31,Malad,172
2022-07-31,Powai,168
2022-07-31,Santacruz,187
2022-07-31,Kherwadi,366
2022-07-31,Vikhroli,162
2022-07-31,Trombay,239
2022-07-31,Mahim,298
2022-07-31,Matunga,104
2022-07-31,Agripada,200
2022-07-31,Sewree,65
2022-07-31,V. P. Road,268
2022-07-31,Azad Maidan,291
2022-07-31,Samta Nagar,237
2022-07-31,Malvani,373
2022-07-31,M I D C,119
2022-07-31,Juhu,319
2022-07-31,B.K.C.,96
2022-07-31,Kanjurmarg,200
2022-07-31,R.C.F.,96
2022-07-31,Shahu nagar,222
2022-07-31,R.A.K. Marg,182
2022-07-31,Byculla,281
2022-07-31,Dr.D.B Marg,180
2022-07-31,M.R.A. Marg,317
2022-07-31,Kasturba marg,358
2022-07-31,Borivali,305
2022-07-31,Andheri,58
2022-07-31,D. N. Nagar,321
2022-07-31,Nirmal Nagar,241
2022-07-31,Navghar,138
2022-07-31,Deonar,97
2022-07-31,Kurla,278
2022-07-31,Sion,324
2022-07-31,Worli,205
2022-07-31,Gamdevi,76
2022-07-31,Dongri,118
2022-07-31,Dahisar,66
2022-07-31,Kandivali,300
2022-07-31,Jogeshwari,283
2022-07-31,Versova,72
2022-07-31,Sahar,97
2022-07-31,Bhandup,154
2022-07-31,Shivaji Nagar,226
2022-07-31,Vinoba Bhave Nagar,114
2022-07-31,Antop Hill,236
2022-07-31,N. M. Joshi Marg,201
2022-07-31,Malabar Hill,132
2022-07-31,Sir J.J. Marg,345
2022-07-31,Aarey,352
2022-07-31,Charkop,259
2022-07-31,Oshiwara,338
2022-07-31,Airport,208
2022-07-31,Mulund,218
2022-07-31,Tilak Nagar,121
2022-07-31,Dharavi,318
2022-07-31,Wadala Truck Terminal,236
2022-07-31,Marine Drive,339
2022-07-31,M.H.B. Colony,243
2022-07-31,Amboli,218
2022-07-31,Parksite,81
2022-07-31,Chunabhatti,84
2022-07-31,Gorai,87
2022-07-31,Mankhurd,120
2022-07-31,Govandi,64
2022-08-31,Vanrai,356
2022-08-31,Bangur Nagar,204
2022-08-31,Meghwadi,215
2022-08-31,Bandra,87
2022-08-31,Vakola,92
2022-08-31,Ghatkopar,145
2022-08-31,Chembur,305
2022-08-31,Dadar,345
2022-08-31,Bhoiwada,59
2022-08-31,Tardeo,128
2022-08-31,Yellow Gate,96
2022-08-31,Pydhonie,294
2022-08-31,Colaba,226
2022-08-31,Dindoshi,167
2022-08-31,Goregaon,289
2022-08-31,Sakinaka,241
2022-08-31,Khar,248
2022-08-31,VileParle,203
2022-08-31,PantNagar,365
2022-08-31,Nehru Nagar,339
2022-08-31,Shivaji Park,103
2022-08-31,Kalachowki,173
2022-08-31,Nagpada,250
2022-08-31,Wadala,70
2022-08-31,L. T. Marg,302
2022-08-31,Cuffe Parade,109
2022-08-31,Kurar,184
2022-08-31,Malad,221
2022-08-31,Powai,213
2022-08-31,Santacruz,215
2022-08-31,Kherwadi,329
2022-08-31,Vikhroli,122
2022-08-31,Trombay,210
2022-08-31,Mahim,280
2022-08-31,Matunga,94
2022-08-31,Agripada,200
2022-08-31,Sewree,58
2022-08-31,V. P. Road,262
2022-08-31,Azad Maidan,262
2022-08-31,Samta Nagar,199
2022-08-31,Malvani,359
2022-08-31,M I D C,127
2022-08-31,Juhu,321
2022-08-31,B.K.C.,97
2022-08-31,Kanjurmarg,178
2022-08-31,R.C.F.,118
2022-08-31,Shahu nagar,221
2022-08-31,R.A.K. Marg,202
2022-08-31,Byculla,303
2022-08-31,Dr.D.B Marg,225
2022-08-31,M.R.A. Marg,351
2022-08-31,Kasturba marg,337
2022-08-31,Borivali,271
2022-08-31,Andheri,101
2022-08-31,D. N. Nagar,333
2022-08-31,Nirmal Nagar,242
2022-08-31,Navghar,171
2022-08-31,Deonar,87
2022-08-31,Kurla,254
2022-08-31,Sion,311
2022-08-31,Worli,230
2022-08-31,Gamdevi,78
2022-08-31,Dongri,150
2022-08-31,Dahisar,70
2022-08-31,Kandivali,312
2022-08-31,Jogeshwari,294
2022-08-31,Versova,37
2022-08-31,Sahar,39
2022-08-31,Bhandup,103
2022-08-31,Shivaji Nagar,255
2022-08-31,Vinoba Bhave Nagar,145
2022-08-31,Antop Hill,268
2022-08-31,N. M. Joshi Marg,223
2022-08-31,Malabar Hill,162
2022-08-31,Sir J.J. Marg,343
2022-08-31,Aarey,349
2022-08-31,Charkop,302
2022-08-31,Oshiwara,354
2022-08-31,Airport,209
2022-08-31,Mulund,248
2022-08-31,Tilak Nagar,93
2022-08-31,Dharavi,299
2022-08-31,Wadala Truck Terminal,291
2022-08-31,Marine Drive,355
2022-08-31,M.H.B. Colony,228
2022-08-31,Amboli,253
2022-08-31,Parksite,94
2022-08-31,Chunabhatti,92
2022-08-31,Gorai,82
2022-08-31,Mankhurd,134
2022-08-31,Govandi,87
2022-09-30,Vanrai,330
2022-09-30,Bangur Nagar,214
2022-09-30,Meghwadi,255
2022-09-30,Bandra,62
2022-09-30,Vakola,124
2022-09-30,Ghatkopar,129
2022-09-30,Chembur,320
2022-09-30,Dadar,352
2022-09-30,Bhoiwada,76
2022-09-30,Tardeo,159
2022-09-30,Yellow Gate,141
2022-09-30,Pydhonie,257
2022-09-30,Colaba,197
2022-09-30,Dindoshi,173
2022-09-30,Goregaon,318
2022-09-30,Sakinaka,213
2022-09-30,Khar,216
2022-09-30,VileParle,219
2022-09-30,PantNagar,372
2022-09-30,Nehru Nagar,342
2022-09-30,Shivaji Park,113
2022-09-30,Kalachowki,120
2022-09-30,Nagpada,204
2022-09-30,Wadala,84
2022-09-30,L. T. Marg,244
2022-09-30,Cuffe Parade,116
2022-09-30,Kurar,183
2022-09-30,Malad,196
2022-09-30,Powai,173
2022-09-30,Santacruz,231
2022-09-30,Kherwadi,352
2022-09-30,Vikhroli,112
2022-09-30,Trombay,236
2022-09-30,Mahim,284
2022-09-30,Matunga,109
2022-09-30,Agripada,189
2022-09-30,Sewree,26
2022-09-30,V. P. Road,266
2022-09-30,Azad Maidan,275
2022-09-30,Samta Nagar,251
2022-09-30,Malvani,343
2022-09-30,M I D C,134
2022-09-30,Juhu,283
2022-09-30,B.K.C.,148
2022-09-30,Kanjurmarg,228
2022-09-30,R.C.F.,125
2022-09-30,Shahu nagar,163
2022-09-30,R.A.K. Marg,148
2022-09-30,Byculla,285
2022-09-30,Dr.D.B Marg,227
2022-09-30,M.R.A. Marg,340
2022-09-30,Kasturba marg,318
2022-09-30,Borivali,324
2022-09-30,Andheri,73
2022-09-30,D. N. Nagar,308
2022-09-30,Nirmal Nagar,195
2022-09-30,Navghar,168
2022-09-30,Deonar,91
2022-09-30,Kurla,230
2022-09-30,Sion,317
2022-09-30,Worli,214
2022-09-30,Gamdevi,43
2022-09-30,Dongri,140
2022-09-30,Dahisar,111
2022-09-30,Kandivali,298
2022-09-30,Jogeshwari,269
2022-09-30,Versova,54
2022-09-30,Sahar,74
2022-09-30,Bhandup,143
2022-09-30,Shivaji Nagar,256
2022-09-30,Vinoba Bhave Nagar,130
2022-09-30,Antop Hill,237
2022-09-30,N. M. Joshi Marg,202
2022-09-30,Malabar Hill,146
2022-09-30,Sir J.J. Marg,374
2022-09-30,Aarey,342
2022-09-30,Charkop,264
2022-09-30,Oshiwara,369
2022-09-30,Airport,212
2022-09-30,Mulund,238
2022-09-30,Tilak Nagar,137
2022-09-30,Dharavi,334
2022-09-30,Wadala Truck Terminal,273
2022-09-30,Marine Drive,343
2022-09-30,M.H.B. Colony,245
2022-09-30,Amboli,225
2022-09-30,Parksite,81
2022-09-30,Chunabhatti,73
2022-09-30,Gorai,88
2022-09-30,Mankhurd,108
2022-09-30,Govandi,74
2022-10-31,Vanrai,352
2022-10-31,Bangur Nagar,204
2022-10-31,Meghwadi,248
2022-10-31,Bandra,57
2022-10-31,Vakola,102
2022-10-31,Ghatkopar,136
2022-10-31,Chembur,288
2022-10-31,Dadar,335
2022-10-31,Bhoiwada,78
2022-10-31,Tardeo,120
2022-10-31,Yellow Gate,149
2022-10-31,Pydhonie,280
2022-10-31,Colaba,230
2022-10-31,Dindoshi,148
2022-10-31,Goregaon,283
2022-10-31,Sakinaka,234
2022-10-31,Khar,206
2022-10-31,VileParle,202
2022-10-31,PantNagar,338
2022-10-31,Nehru Nagar,321
2022-10-31,Shivaji Park,96
2022-10-31,Kalachowki,143
2022-10-31,Nagpada,234
2022-10-31,Wadala,63
2022-10-31,L. T. Marg,275
2022-10-31,Cuffe Parade,98
2022-10-31,Kurar,176
2022-10-31,Malad,187
2022-10-31,Powai,203
2022-10-31,Santacruz,215
2022-10-31,Kherwadi,354
2022-10-31,Vikhroli,129
2022-10-31,Trombay,250
2022-10-31,Mahim,297
2022-10-31,Matunga,72
2022-10-31,Agripada,196
2022-10-31,Sewree,74
2022-10-31,V. P. Road,244
2022-10-31,Azad Maidan,288
2022-10-31,Samta Nagar,243
2022-10-31,Malvani,352
2022-10-31,M I D C,130
2022-10-31,Juhu,295
2022-10-31,B.K.C.,121
2022-10-31,Kanjurmarg,177
2022-10-31,R.C.F.,129
2022-10-31,Shahu nagar,190
2022-10-31,R.A.K. Marg,167
2022-10-31,Byculla,318
2022-10-31,Dr.D.B Marg,219
2022-10-31,M.R.A. Marg,346
2022-10-31,Kasturba marg,320
2022-10-31,Borivali,284
2022-10-31,Andheri,42
2022-10-31,D. N. Nagar,344
2022-10-31,Nirmal Nagar,210
2022-10-31,Navghar,127
2022-10-31,Deonar,88
2022-10-31,Kurla,271
2022-10-31,Sion,355
2022-10-31,Worli,212
2022-10-31,Gamdevi,75
2022-10-31,Dongri,110
2022-10-31,Dahisar,101
2022-10-31,Kandivali,286
2022-10-31,Jogeshwari,285
2022-10-31,Versova,60
2022-10-31,Sahar,41
2022-10-31,Bhandup,143
2022-10-31,Shivaji Nagar,204
2022-10-31,Vinoba Bhave Nagar,163
2022-10-31,Antop Hill,244
2022-10-31,N. M. Joshi Marg,233
2022-10-31,Malabar Hill,147
2022-10-31,Sir J.J. Marg,317
2022-10-31,Aarey,321
2022-10-31,Charkop,258
2022-10-31,Oshiwara,341
2022-10-31,Airport,158
2022-10-31,Mulund,228
2022-10-31,Tilak Nagar,97
2022-10-31,Dharavi,322
2022-10-31,Wadala Truck Terminal,265
2022-10-31,Marine Drive,365
2022-10-31,M.H.B. Colony,206
2022-10-31,Amboli,233
2022-10-31,Parksite,113
2022-10-31,Chunabhatti,99
2022-10-31,Gorai,68
2022-10-31,Mankhurd,85
2022-10-31,Govandi,48
2022-11-30,Vanrai,305
2022-11-30,Bangur Nagar,208
2022-11-30,Meghwadi,212
2022-11-30,Bandra,66
2022-11-30,Vakola,92
2022-11-30,Ghatkopar,139
2022-11-30,Chembur,339
2022-11-30,Dadar,313
2022-11-30,Bhoiwada,87
2022-11-30,Tardeo,130
2022-11-30,Yellow Gate,135
2022-11-30,Pydhonie,276
2022-11-30,Colaba,223
2022-11-30,Dindoshi,179
2022-11-30,Goregaon,332
2022-11-30,Sakinaka,255
2022-11-30,Khar,224
2022-11-30,VileParle,216
2022-11-30,PantNagar,334
2022-11-30,Nehru Nagar,325
2022-11-30,Shivaji Park,96
2022-11-30,Kalachowki,148
2022-11-30,Nagpada,224
2022-11-30,Wadala,90
2022-11-30,L. T. Marg,252
2022-11-30,Cuffe Parade,86
2022-11-30,Kurar,168
2022-11-30,Malad,201
2022-11-30,Powai,177
2022-11-30,Santacruz,237
2022-11-30,Kherwadi,336
2022-11-30,Vikhroli,121
2022-11-30,Trombay,237
2022-11-30,Mahim,284
2022-11-30,Matunga,123
2022-11-30,Agripada,207
2022-11-30,Sewree,46
2022-11-30,V. P. Road,244
2022-11-30,Azad Maidan,277
2022-11-30,Samta Nagar,244
2022-11-30,Malvani,356
2022-11-30,M I D C,123
2022-11-30,Juhu,323
2022-11-30,B.K.C.,150
2022-11-30,Kanjurmarg,176
2022-11-30,R.C.F.,102
2022-11-30,Shahu nagar,215
2022-11-30,R.A.K. Marg,153
2022-11-30,Byculla,291
2022-11-30,Dr.D.B Marg,174
2022-11-30,M.R.A. Marg,345
2022-11-30,Kasturba marg,312
2022-11-30,Borivali,284
2022-11-30,Andheri,85
2022-11-30,D. N. Nagar,338
2022-11-30,Nirmal Nagar,223
2022-11-30,Navghar,134
2022-11-30,Deonar,131
2022-11-30,Kurla,258
2022-11-30,Sion,322
2022-11-30,Worli,208
2022-11-30,Gamdevi,39
2022-11-30,Dongri,155
2022-11-30,Dahisar,73
2022-11-30,Kandivali,260
2022-11-30,Jogeshwari,273
2022-11-30,Versova,56
2022-11-30,Sahar,95
2022-11-30,Bhandup,116
2022-11-30,Shivaji Nagar,221
2022-11-30,Vinoba Bhave Nagar,148
2022-11-30,Antop Hill,239
2022-11-30,N. M. Joshi Marg,178
2022-11-30,Malabar Hill,157
2022-11-30,Sir J.J. Marg,352
2022-11-30,Aarey,363
2022-11-30,Charkop,259
2022-11-30,Oshiwara,342
2022-11-30,Airport,165
2022-11-30,Mulund,251
2022-11-30,Tilak Nagar,114
2022-11-30,Dharavi,328
2022-11-30,Wadala Truck Terminal,250
2022-11-30,Marine Drive,347
2022-11-30,M.H.B. Colony,220
2022-11-30,Amboli,207
2022-11-30,Parksite,135
2022-11-30,Chunabhatti,54
2022-11-30,Gorai,85
2022-11-30,Mankhurd,132
2022-11-30,Govandi,71
2022-12-31,Vanrai,338
2022-12-31,Bangur Nagar,234
2022-12-31,Meghwadi,251
2022-12-31,Bandra,71
2022-12-31,Vakola,96
2022-12-31,Ghatkopar,133
2022-12-31,Chembur,318
2022-12-31,Dadar,342
2022-12-31,Bhoiwada,62
2022-12-31,Tardeo,127
2022-12-31,Yellow Gate,149
2022-12-31,Pydhonie,299
2022-12-31,Colaba,196
2022-12-31,Dindoshi,172
2022-12-31,Goregaon,310
2022-12-31,Sakinaka,233
2022-12-31,Khar,226
2022-12-31,VileParle,185
2022-12-31,PantNagar,362
2022-12-31,Nehru Nagar,373
2022-12-31,Shivaji Park,104
2022-12-31,Kalachowki,120
2022-12-31,Nagpada,242
2022-12-31,Wadala,66
2022-12-31,L. T. Marg,262
2022-12-31,Cuffe Parade,130
2022-12-31,Kurar,191
2022-12-31,Malad,168
2022-12-31,Powai,208
2022-12-31,Santacruz,234
2022-12-31,Kherwadi,313
2022-12-31,Vikhroli,151
2022-12-31,Trombay,256
2022-12-31,Mahim,277
2022-12-31,Matunga,114
2022-12-31,Agripada,171
2022-12-31,Sewree,43
2022-12-31,V. P. Road,262
2022-12-31,Azad Maidan,257
2022-12-31,Samta Nagar,228
2022-12-31,Malvani,345
2022-12-31,M I D C,133
2022-12-31,Juhu,333
2022-12-31,B.K.C.,130
2022-12-31,Kanjurmarg,189
2022-12-31,R.C.F.,94
2022-12-31,Shahu nagar,191
2022-12-31,R.A.K. Marg,159
2022-12-31,Byculla,280
2022-12-31,Dr.D.B Marg,201
2022-12-31,M.R.A. Marg,352
2022-12-31,Kasturba marg,324
2022-12-31,Borivali,295
2022-12-31,Andheri,93
2022-12-31,D. N. Nagar,348
2022-12-31,Nirmal Nagar,249
2022-12-31,Navghar,149
2022-12-31,Deonar,109
2022-12-31,Kurla,257
2022-12-31,Sion,355
2022-12-31,Worli,223
2022-12-31,Gamdevi,78
2022-12-31,Dongri,128
2022-12-31,Dahisar,70
2022-12-31,Kandivali,271
2022-12-31,Jogeshwari,283
2022-12-31,Versova,50
2022-12-31,Sahar,71
2022-12-31,Bhandup,116
2022-12-31,Shivaji Nagar,248
2022-12-31,Vinoba Bhave Nagar,155
2022-12-31,Antop Hill,269
2022-12-31,N. M. Joshi Marg,207
2022-12-31,Malabar Hill,160
2022-12-31,Sir J.J. Marg,365
2022-12-31,Aarey,365
2022-12-31,Charkop,295
2022-12-31,Oshiwara,341
2022-12-31,Airport,179
2022-12-31,Mulund,206
2022-12-31,Tilak Nagar,120
2022-12-31,Dharavi,287
2022-12-31,Wadala Truck Terminal,249
2022-12-31,Marine Drive,360
2022-12-31,M.H.B. Colony,228
2022-12-31,Amboli,222
2022-12-31,Parksite,106
2022-12-31,Chunabhatti,91
2022-12-31,Gorai,51
2022-12-31,Mankhurd,108
2022-12-31,Govandi,97
2023-01-31,Vanrai,335
2023-01-31,Bangur Nagar,223
2023-01-31,Meghwadi,225
2023-01-31,Bandra,41
2023-01-31,Vakola,103
2023-01-31,Ghatkopar,131
2023-01-31,Chembur,338
2023-01-31,Dadar,345
2023-01-31,Bhoiwada,55
2023-01-31,Tardeo,112
2023-01-31,Yellow Gate,134
2023-01-31,Pydhonie,268
2023-01-31,Colaba,210
2023-01-31,Dindoshi,132
2023-01-31,Goregaon,295
2023-01-31,Sakinaka,250
2023-01-31,Khar,238
2023-01-31,VileParle,198
2023-01-31,PantNagar,366
2023-01-31,Nehru Nagar,361
2023-01-31,Shivaji Park,122
2023-01-31,Kalachowki,178
2023-01-31,Nagpada,238
2023-01-31,Wadala,73
2023-01-31,L. T. Marg,292
2023-01-31,Cuffe Parade,129
2023-01-31,Kurar,195
2023-01-31,Malad,196
2023-01-31,Powai,203
2023-01-31,Santacruz,234
2023-01-31,Kherwadi,317
2023-01-31,Vikhroli,119
2023-01-31,Trombay,212
2023-01-31,Mahim,274
2023-01-31,Matunga,110
2023-01-31,Agripada,196
2023-01-31,Sewree,68
2023-01-31,V. P. Road,263
2023-01-31,Azad Maidan,245
2023-01-31,Samta Nagar,237
2023-01-31,Malvani,323
2023-01-31,M I D C,172
2023-01-31,Juhu,291
2023-01-31,B.K.C.,149
2023-01-31,Kanjurmarg,197
2023-01-31,R.C.F.,80
2023-01-31,Shahu nagar,191
2023-01-31,R.A.K. Marg,187
2023-01-31,Byculla,281
2023-01-31,Dr.D.B Marg,175
2023-01-31,M.R.A. Marg,306
2023-01-31,Kasturba marg,319
2023-01-31,Borivali,283
2023-01-31,Andheri,68
2023-01-31,D. N. Nagar,322
2023-01-31,Nirmal Nagar,225
2023-01-31,Navghar,146
2023-01-31,Deonar,118
2023-01-31,Kurla,284
2023-01-31,Sion,329
2023-01-31,Worli,224
2023-01-31,Gamdevi,60
2023-01-31,Dongri,153
2023-01-31,Dahisar,79
2023-01-31,Kandivali,273
2023-01-31,Jogeshwari,305
2023-01-31,Versova,80
2023-01-31,Sahar,94
2023-01-31,Bhandup,125
2023-01-31,Shivaji Nagar,258
2023-01-31,Vinoba Bhave Nagar,161
2023-01-31,Antop Hill,280
2023-01-31,N. M. Joshi Marg,227
2023-01-31,Malabar Hill,129
2023-01-31,Sir J.J. Marg,347
2023-01-31,Aarey,350
2023-01-31,Charkop,258
2023-01-31,Oshiwara,335
2023-01-31,Airport,156
2023-01-31,Mulund,207
2023-01-31,Tilak Nagar,86
2023-01-31,Dharavi,322
2023-01-31,Wadala Truck Terminal,243
2023-01-31,Marine Drive,332
2023-01-31,M.H.B. Colony,260
2023-01-31,Amboli,232
2023-01-31,Parksite,118
2023-01-31,Chunabhatti,92
2023-01-31,Gorai,55
2023-01-31,Mankhurd,120
2023-01-31,Govandi,65
2023-02-28,Vanrai,349
2023-02-28,Bangur Nagar,192
2023-02-28,Meghwadi,256
2023-02-28,Bandra,59
2023-02-28,Vakola,94
2023-02-28,Ghatkopar,132
2023-02-28,Chembur,337
2023-02-28,Dadar,347
2023-02-28,Bhoiwada,60
2023-02-28,Tardeo,141
2023-02-28,Yellow Gate,130
2023-02-28,Pydhonie,286
2023-02-28,Colaba,222
2023-02-28,Dindoshi,148
2023-02-28,Goregaon,321
2023-02-28,Sakinaka,248
2023-02-28,Khar,241
2023-02-28,VileParle,186
2023-02-28,PantNagar,321
2023-02-28,Nehru Nagar,356
2023-02-28,Shivaji Park,139
2023-02-28,Kalachowki,146
2023-02-28,Nagpada,210
2023-02-28,Wadala,43
2023-02-28,L. T. Marg,277
2023-02-28,Cuffe Parade,114
2023-02-28,Kurar,202
2023-02-28,Malad,177
2023-02-28,Powai,194
2023-02-28,Santacruz,229
2023-02-28,Kherwadi,311
2023-02-28,Vikhroli,126
2023-02-28,Trombay,238
2023-02-28,Mahim,301
2023-02-28,Matunga,69
2023-02-28,Agripada,194
2023-02-28,Sewree,64
2023-02-28,V. P. Road,267
2023-02-28,Azad Maidan,296
2023-02-28,Samta Nagar,192
2023-02-28,Malvani,366
2023-02-28,M I D C,155
2023-02-28,Juhu,293
2023-02-28,B.K.C.,145
2023-02-28,Kanjurmarg,192
2023-02-28,R.C.F.,102
2023-02-28,Shahu nagar,197
2023-02-28,R.A.K. Marg,148
2023-02-28,Byculla,303
2023-02-28,Dr.D.B Marg,172
2023-02-28,M.R.A. Marg,331
2023-02-28,Kasturba marg,313
2023-02-28,Borivali,305
2023-02-28,Andheri,87
2023-02-28,D. N. Nagar,344
2023-02-28,Nirmal Nagar,198
2023-02-28,Navghar,146
2023-02-28,Deonar,77
2023-02-28,Kurla,286
2023-02-28,Sion,321
2023-02-28,Worli,215
2023-02-28,Gamdevi,63
2023-02-28,Dongri,137
2023-02-28,Dahisar,109
2023-02-28,Kandivali,265
2023-02-28,Jogeshwari,269
2023-02-28,Versova,39
2023-02-28,Sahar,56
2023-02-28,Bhandup,150
2023-02-28,Shivaji Nagar,234
2023-02-28,Vinoba Bhave Nagar,112
2023-02-28,Antop Hill,247
2023-02-28,N. M. Joshi Marg,188
2023-02-28,Malabar Hill,115
2023-02-28,Sir J.J. Marg,341
2023-02-28,Aarey,321
2023-02-28,Charkop,260
2023-02-28,Oshiwara,330
2023-02-28,Airport,188
2023-02-28,Mulund,205
2023-02-28,Tilak Nagar,90
2023-02-28,Dharavi,293
2023-02-28,Wadala Truck Terminal,287
2023-02-28,Marine Drive,339
2023-02-28,M.H.B. Colony,240
2023-02-28,Amboli,250
2023-02-28,Parksite,98
2023-02-28,Chunabhatti,56
2023-02-28,Gorai,97
2023-02-28,Mankhurd,87
2023-02-28,Govandi,74
2023-03-31,Vanrai,339
2023-03-31,Bangur Nagar,212
2023-03-31,Meghwadi,205
2023-03-31,Bandra,81
2023-03-31,Vakola,98
2023-03-31,Ghatkopar,132
2023-03-31,Chembur,328
2023-03-31,Dadar,325
2023-03-31,Bhoiwada,99
2023-03-31,Tardeo,126
2023-03-31,Yellow Gate,151
2023-03-31,Pydhonie,294
2023-03-31,Colaba,222
2023-03-31,Dindoshi,157
2023-03-31,Goregaon,321
2023-03-31,Sakinaka,248
2023-03-31,Khar,250
2023-03-31,VileParle,197
2023-03-31,PantNagar,325
2023-03-31,Nehru Nagar,324
2023-03-31,Shivaji Park,133
2023-03-31,Kalachowki,145
2023-03-31,Nagpada,237
2023-03-31,Wadala,62
2023-03-31,L. T. Marg,285
2023-03-31,Cuffe Parade,118
2023-03-31,Kurar,149
2023-03-31,Malad,168
2023-03-31,Powai,158
2023-03-31,Santacruz,183
2023-03-31,Kherwadi,365
2023-03-31,Vikhroli,153
2023-03-31,Trombay,233
2023-03-31,Mahim,281
2023-03-31,Matunga,96
2023-03-31,Agripada,172
2023-03-31,Sewree,29
2023-03-31,V. P. Road,234
2023-03-31,Azad Maidan,252
2023-03-31,Samta Nagar,224
2023-03-31,Malvani,314
2023-03-31,M I D C,145
2023-03-31,Juhu,316
2023-03-31,B.K.C.,120
2023-03-31,Kanjurmarg,174
2023-03-31,R.C.F.,77
2023-03-31,Shahu nagar,195
2023-03-31,R.A.K. Marg,147
2023-03-31,Byculla,277
2023-03-31,Dr.D.B Marg,178
2023-03-31,M.R.A. Marg,312
2023-03-31,Kasturba marg,308
2023-03-31,Borivali,282
2023-03-31,Andheri,87
2023-03-31,D. N. Nagar,304
2023-03-31,Nirmal Nagar,245
2023-03-31,Navghar,142
2023-03-31,Deonar,85
2023-03-31,Kurla,246
2023-03-31,Sion,355
2023-03-31,Worli,190
2023-03-31,Gamdevi,86
2023-03-31,Dongri,100
2023-03-31,Dahisar,106
2023-03-31,Kandivali,258
2023-03-31,Jogeshwari,316
2023-03-31,Versova,39
2023-03-31,Sahar,54
2023-03-31,Bhandup,134
2023-03-31,Shivaji Nagar,209
2023-03-31,Vinoba Bhave Nagar,156
2023-03-31,Antop Hill,260
2023-03-31,N. M. Joshi Marg,232
2023-03-31,Malabar Hill,165
2023-03-31,Sir J.J. Marg,368
2023-03-31,Aarey,354
2023-03-31,Charkop,302
2023-03-31,Oshiwara,369
2023-03-31,Airport,205
2023-03-31,Mulund,241
2023-03-31,Tilak Nagar,120
2023-03-31,Dharavi,336
2023-03-31,Wadala Truck Terminal,282
2023-03-31,Marine Drive,351
2023-03-31,M.H.B. Colony,211
2023-03-31,Amboli,200
2023-03-31,Parksite,128
2023-03-31,Chunabhatti,65
2023-03-31,Gorai,55
2023-03-31,Mankhurd,83
2023-03-31,Govandi,50
2023-04-30,Vanrai,331
2023-04-30,Bangur Nagar,225
2023-04-30,Meghwadi,217
2023-04-30,Bandra,48
2023-04-30,Vakola,104
2023-04-30,Ghatkopar,138
2023-04-30,Chembur,312
2023-04-30,Dadar,314
2023-04-30,Bhoiwada,72
2023-04-30,Tardeo,109
2023-04-30,Yellow Gate,108
2023-04-30,Pydhonie,301
2023-04-30,Colaba,190
2023-04-30,Dindoshi,159
2023-04-30,Goregaon,293
2023-04-30,Sakinaka,262
2023-04-30,Khar,201
2023-04-30,VileParle,199
2023-04-30,PantNagar,317
2023-04-30,Nehru Nagar,353
2023-04-30,Shivaji Park,99
2023-04-30,Kalachowki,177
2023-04-30,Nagpada,241
2023-04-30,Wadala,102
2023-04-30,L. T. Marg,270
2023-04-30,Cuffe Parade,121
2023-04-30,Kurar,151
2023-04-30,Malad,208
2023-04-30,Powai,196
2023-04-30,Santacruz,236
2023-04-30,Kherwadi,321
2023-04-30,Vikhroli,128
2023-04-30,Trombay,242
2023-04-30,Mahim,263
2023-04-30,Matunga,119
2023-04-30,Agripada,202
2023-04-30,Sewree,86
2023-04-30,V. P. Road,231
2023-04-30,Azad Maidan,256
2023-04-30,Samta Nagar,227
2023-04-30,Malvani,369
2023-04-30,M I D C,127
2023-04-30,Juhu,310
2023-04-30,B.K.C.,136
2023-04-30,Kanjurmarg,201
2023-04-30,R.C.F.,116
2023-04-30,Shahu nagar,196
2023-04-30,R.A.K. Marg,149
2023-04-30,Byculla,319
2023-04-30,Dr.D.B Marg,215
2023-04-30,M.R.A. Marg,341
2023-04-30,Kasturba marg,340
2023-04-30,Borivali,324
2023-04-30,Andheri,85
2023-04-30,D. N. Nagar,296
2023-04-30,Nirmal Nagar,225
2023-04-30,Navghar,162
2023-04-30,Deonar,72
2023-04-30,Kurla,268
2023-04-30,Sion,315
2023-04-30,Worli,215
2023-04-30,Gamdevi,60
2023-04-30,Dongri,153
2023-04-30,Dahisar,58
2023-04-30,Kandivali,300
2023-04-30,Jogeshwari,309
2023-04-30,Versova,92
2023-04-30,Sahar,89
2023-04-30,Bhandup,101
2023-04-30,Shivaji Nagar,239
2023-04-30,Vinoba Bhave Nagar,117
2023-04-30,Antop Hill,268
2023-04-30,N. M. Joshi Marg,175
2023-04-30,Malabar Hill,141
2023-04-30,Sir J.J. Marg,352
2023-04-30,Aarey,337
2023-04-30,Charkop,255
2023-04-30,Oshiwara,333
2023-04-30,Airport,211
2023-04-30,Mulund,206
2023-04-30,Tilak Nagar,123
2023-04-30,Dharavi,284
2023-04-30,Wadala Truck Terminal,253
2023-04-30,Marine Drive,342
2023-04-30,M.H.B. Colony,253
2023-04-30,Amboli,231
2023-04-30,Parksite,102
2023-04-30,Chunabhatti,70
2023-04-30,Gorai,88
2023-04-30,Mankhurd,92
2023-04-30,Govandi,97
2023-05-31,Vanrai,379
2023-05-31,Bangur Nagar,236
2023-05-31,Meghwadi,267
2023-05-31,Bandra,79
2023-05-31,Vakola,119
2023-05-31,Ghatkopar,152
2023-05-31,Chembur,369
2023-05-31,Dadar,375
2023-05-31,Bhoiwada,96
2023-05-31,Tardeo,168
2023-05-31,Yellow Gate,142
2023-05-31,Pydhonie,317
2023-05-31,Colaba,228
2023-05-31,Dindoshi,201
2023-05-31,Goregaon,336
2023-05-31,Sakinaka,236
2023-05-31,Khar,244
2023-05-31,VileParle,241
2023-05-31,PantNagar,353
2023-05-31,Nehru Nagar,377
2023-05-31,Shivaji Park,155
2023-05-31,Kalachowki,161
2023-05-31,Nagpada,242
2023-05-31,Wadala,108
2023-05-31,L. T. Marg,284
2023-05-31,Cuffe Parade,95
2023-05-31,Kurar,208
2023-05-31,Malad,226
2023-05-31,Powai,226
2023-05-31,Santacruz,264
2023-05-31,Kherwadi,378
2023-05-31,Vikhroli,171
2023-05-31,Trombay,289
2023-05-31,Mahim,305
2023-05-31,Matunga,120
2023-05-31,Agripada,230
2023-05-31,Sewree,111
2023-05-31,V. P. Road,298
2023-05-31,Azad Maidan,292
2023-05-31,Samta Nagar,219
2023-05-31,Malvani,404
2023-05-31,M I D C,167
2023-05-31,Juhu,363
2023-05-31,B.K.C.,164
2023-05-31,Kanjurmarg,242
2023-05-31,R.C.F.,132
2023-05-31,Shahu nagar,222
2023-05-31,R.A.K. Marg,183
2023-05-31,Byculla,340
2023-05-31,Dr.D.B Marg,220
2023-05-31,M.R.A. Marg,366
2023-05-31,Kasturba marg,351
2023-05-31,Borivali,302
2023-05-31,Andheri,61
2023-05-31,D. N. Nagar,322
2023-05-31,Nirmal Nagar,266
2023-05-31,Navghar,167
2023-05-31,Deonar,112
2023-05-31,Kurla,296
2023-05-31,Sion,342
2023-05-31,Worli,260
2023-05-31,Gamdevi,132
2023-05-31,Dongri,182
2023-05-31,Dahisar,87
2023-05-31,Kandivali,304
2023-05-31,Jogeshwari,331
2023-05-31,Versova,124
2023-05-31,Sahar,82
2023-05-31,Bhandup,146
2023-05-31,Shivaji Nagar,259
2023-05-31,Vinoba Bhave Nagar,157
2023-05-31,Antop Hill,296
2023-05-31,N. M. Joshi Marg,225
2023-05-31,Malabar Hill,153
2023-05-31,Sir J.J. Marg,384
2023-05-31,Aarey,362
2023-05-31,Charkop,270
2023-05-31,Oshiwara,354
2023-05-31,Airport,200
2023-05-31,Mulund,258
2023-05-31,Tilak Nagar,138
2023-05-31,Dharavi,341
2023-05-31,Wadala Truck Terminal,309
2023-05-31,Marine Drive,372
2023-05-31,M.H.B. Colony,307
2023-05-31,Amboli,245
2023-05-31,Parksite,112
2023-05-31,Chunabhatti,86
2023-05-31,Gorai,107
2023-05-31,Mankhurd,114
2023-05-31,Govandi,74
2023-06-30,Vanrai,336
2023-06-30,Bangur Nagar,237
2023-06-30,Meghwadi,293
2023-06-30,Bandra,115
2023-06-30,Vakola,123
2023-06-30,Ghatkopar,165
2023-06-30,Chembur,361
2023-06-30,Dadar,380
2023-06-30,Bhoiwada,144
2023-06-30,Tardeo,146
2023-06-30,Yellow Gate,145
2023-06-30,Pydhonie,304
2023-06-30,Colaba,217
2023-06-30,Dindoshi,153
2023-06-30,Goregaon,313
2023-06-30,Sakinaka,236
2023-06-30,Khar,243
2023-06-30,VileParle,259
2023-06-30,PantNagar,412
2023-06-30,Nehru Nagar,424
2023-06-30,Shivaji Park,157
2023-06-30,Kalachowki,138
2023-06-30,Nagpada,284
2023-06-30,Wadala,107
2023-06-30,L. T. Marg,299
2023-06-30,Cuffe Parade,162
2023-06-30,Kurar,232
2023-06-30,Malad,266
2023-06-30,Powai,184
2023-06-30,Santacruz,259
2023-06-30,Kherwadi,334
2023-06-30,Vikhroli,160
2023-06-30,Trombay,301
2023-06-30,Mahim,300
2023-06-30,Matunga,110
2023-06-30,Agripada,220
2023-06-30,Sewree,88
2023-06-30,V. P. Road,280
2023-06-30,Azad Maidan,333
2023-06-30,Samta Nagar,209
2023-06-30,Malvani,379
2023-06-30,M I D C,165
2023-06-30,Juhu,316
2023-06-30,B.K.C.,134
2023-06-30,Kanjurmarg,269
2023-06-30,R.C.F.,114
2023-06-30,Shahu nagar,235
2023-06-30,R.A.K. Marg,175
2023-06-30,Byculla,345
2023-06-30,Dr.D.B Marg,209
2023-06-30,M.R.A. Marg,363
2023-06-30,Kasturba marg,386
2023-06-30,Borivali,336
2023-06-30,Andheri,132
2023-06-30,D. N. Nagar,370
2023-06-30,Nirmal Nagar,242
2023-06-30,Navghar,174
2023-06-30,Deonar,163
2023-06-30,Kurla,296
2023-06-30,Sion,358
2023-06-30,Worli,279
2023-06-30,Gamdevi,92
2023-06-30,Dongri,172
2023-06-30,Dahisar,138
2023-06-30,Kandivali,338
2023-06-30,Jogeshwari,312
2023-06-30,Versova,106
2023-06-30,Sahar,109
2023-06-30,Bhandup,125
2023-06-30,Shivaji Nagar,306
2023-06-30,Vinoba Bhave Nagar,160
2023-06-30,Antop Hill,297
2023-06-30,N. M. Joshi Marg,226
2023-06-30,Malabar Hill,188
2023-06-30,Sir J.J. Marg,370
2023-06-30,Aarey,368
2023-06-30,Charkop,302
2023-06-30,Oshiwara,376
2023-06-30,Airport,250
2023-06-30,Mulund,228
2023-06-30,Tilak Nagar,114
2023-06-30,Dharavi,318
2023-06-30,Wadala Truck Terminal,256
2023-06-30,Marine Drive,375
2023-06-30,M.H.B. Colony,290
2023-06-30,Amboli,246
2023-06-30,Parksite,106
2023-06-30,Chunabhatti,141
2023-06-30,Gorai,124
2023-06-30,Mankhurd,144
2023-06-30,Govandi,91
2023-07-31,Vanrai,319
2023-07-31,Bangur Nagar,217
2023-07-31,Meghwadi,222
2023-07-31,Bandra,59
2023-07-31,Vakola,90
2023-07-31,Ghatkopar,121
2023-07-31,Chembur,282
2023-07-31,Dadar,345
2023-07-31,Bhoiwada,70
2023-07-31,Tardeo,106
2023-07-31,Yellow Gate,116
2023-07-31,Pydhonie,275
2023-07-31,Colaba,229
2023-07-31,Dindoshi,127
2023-07-31,Goregaon,277
2023-07-31,Sakinaka,230
2023-07-31,Khar,222
2023-07-31,VileParle,241
2023-07-31,PantNagar,319
2023-07-31,Nehru Nagar,355
2023-07-31,Shivaji Park,91
2023-07-31,Kalachowki,149
2023-07-31,Nagpada,239
2023-07-31,Wadala,76
2023-07-31,L. T. Marg,295
2023-07-31,Cuffe Parade,93
2023-07-31,Kurar,151
2023-07-31,Malad,182
2023-07-31,Powai,177
2023-07-31,Santacruz,198
2023-07-31,Kherwadi,320
2023-07-31,Vikhroli,143
2023-07-31,Trombay,241
2023-07-31,Mahim,280
2023-07-31,Matunga,65
2023-07-31,Agripada,183
2023-07-31,Sewree,62
2023-07-31,V. P. Road,258
2023-07-31,Azad Maidan,240
2023-07-31,Samta Nagar,232
2023-07-31,Malvani,339
2023-07-31,M I D C,168
2023-07-31,Juhu,290
2023-07-31,B.K.C.,126
2023-07-31,Kanjurmarg,209
2023-07-31,R.C.F.,91
2023-07-31,Shahu nagar,191
2023-07-31,R.A.K. Marg,188
2023-07-31,Byculla,325
2023-07-31,Dr.D.B Marg,197
2023-07-31,M.R.A. Marg,341
2023-07-31,Kasturba marg,352
2023-07-31,Borivali,316
2023-07-31,Andheri,79
2023-07-31,D. N. Nagar,305
2023-07-31,Nirmal Nagar,220
2023-07-31,Navghar,162
2023-07-31,Deonar,84
2023-07-31,Kurla,283
2023-07-31,Sion,340
2023-07-31,Worli,225
2023-07-31,Gamdevi,41
2023-07-31,Dongri,107
2023-07-31,Dahisar,62
2023-07-31,Kandivali,280
2023-07-31,Jogeshwari,292
2023-07-31,Versova,77
2023-07-31,Sahar,47
2023-07-31,Bhandup,110
2023-07-31,Shivaji Nagar,229
2023-07-31,Vinoba Bhave Nagar,118
2023-07-31,Antop Hill,229
2023-07-31,N. M. Joshi Marg,179
2023-07-31,Malabar Hill,140
2023-07-31,Sir J.J. Marg,374
2023-07-31,Aarey,365
2023-07-31,Charkop,289
2023-07-31,Oshiwara,339
2023-07-31,Airport,175
2023-07-31,Mulund,244
2023-07-31,Tilak Nagar,142
2023-07-31,Dharavi,317
2023-07-31,Wadala Truck Terminal,273
2023-07-31,Marine Drive,359
2023-07-31,M.H.B. Colony,259
2023-07-31,Amboli,218
2023-07-31,Parksite,83
2023-07-31,Chunabhatti,105
2023-07-31,Gorai,85
2023-07-31,Mankhurd,85
2023-07-31,Govandi,96
2023-08-31,Vanrai,351
2023-08-31,Bangur Nagar,224
2023-08-31,Meghwadi,254
2023-08-31,Bandra,67
2023-08-31,Vakola,91
2023-08-31,Ghatkopar,149
2023-08-31,Chembur,326
2023-08-31,Dadar,311
2023-08-31,Bhoiwada,73
2023-08-31,Tardeo,109
2023-08-31,Yellow Gate,150
2023-08-31,Pydhonie,299
2023-08-31,Colaba,201
2023-08-31,Dindoshi,156
2023-08-31,Goregaon,304
2023-08-31,Sakinaka,258
2023-08-31,Khar,227
2023-08-31,VileParle,188
2023-08-31,PantNagar,330
2023-08-31,Nehru Nagar,324
2023-08-31,Shivaji Park,103
2023-08-31,Kalachowki,166
2023-08-31,Nagpada,216
2023-08-31,Wadala,52
2023-08-31,L. T. Marg,277
2023-08-31,Cuffe Parade,83
2023-08-31,Kurar,181
2023-08-31,Malad,199
2023-08-31,Powai,204
2023-08-31,Santacruz,212
2023-08-31,Kherwadi,366
2023-08-31,Vikhroli,137
2023-08-31,Trombay,213
2023-08-31,Mahim,257
2023-08-31,Matunga,72
2023-08-31,Agripada,166
2023-08-31,Sewree,40
2023-08-31,V. P. Road,270
2023-08-31,Azad Maidan,249
2023-08-31,Samta Nagar,221
2023-08-31,Malvani,319
2023-08-31,M I D C,160
2023-08-31,Juhu,313
2023-08-31,B.K.C.,127
2023-08-31,Kanjurmarg,210
2023-08-31,R.C.F.,123
2023-08-31,Shahu nagar,190
2023-08-31,R.A.K. Marg,186
2023-08-31,Byculla,309
2023-08-31,Dr.D.B Marg,211
2023-08-31,M.R.A. Marg,297
2023-08-31,Kasturba marg,324
2023-08-31,Borivali,267
2023-08-31,Andheri,85
2023-08-31,D. N. Nagar,315
2023-08-31,Nirmal Nagar,248
2023-08-31,Navghar,125
2023-08-31,Deonar,95
2023-08-31,Kurla,240
2023-08-31,Sion,348
2023-08-31,Worli,207
2023-08-31,Gamdevi,69
2023-08-31,Dongri,134
2023-08-31,Dahisar,86
2023-08-31,Kandivali,281
2023-08-31,Jogeshwari,289
2023-08-31,Versova,62
2023-08-31,Sahar,43
2023-08-31,Bhandup,107
2023-08-31,Shivaji Nagar,256
2023-08-31,Vinoba Bhave Nagar,131
2023-08-31,Antop Hill,258
2023-08-31,N. M. Joshi Marg,179
2023-08-31,Malabar Hill,110
2023-08-31,Sir J.J. Marg,359
2023-08-31,Aarey,372
2023-08-31,Charkop,284
2023-08-31,Oshiwara,327
2023-08-31,Airport,189
2023-08-31,Mulund,199
2023-08-31,Tilak Nagar,98
2023-08-31,Dharavi,312
2023-08-31,Wadala Truck Terminal,263
2023-08-31,Marine Drive,332
2023-08-31,M.H.B. Colony,235
2023-08-31,Amboli,251
2023-08-31,Parksite,100
2023-08-31,Chunabhatti,61
2023-08-31,Gorai,96
2023-08-31,Mankhurd,87
2023-08-31,Govandi,54
2023-09-30,Vanrai,334
2023-09-30,Bangur Nagar,225
2023-09-30,Meghwadi,257
2023-09-30,Bandra,56
2023-09-30,Vakola,92
2023-09-30,Ghatkopar,162
2023-09-30,Chembur,309
2023-09-30,Dadar,323
2023-09-30,Bhoiwada,72
2023-09-30,Tardeo,147
2023-09-30,Yellow Gate,145
2023-09-30,Pydhonie,273
2023-09-30,Colaba,235
2023-09-30,Dindoshi,183
2023-09-30,Goregaon,329
2023-09-30,Sakinaka,237
2023-09-30,Khar,230
2023-09-30,VileParle,213
2023-09-30,PantNagar,362
2023-09-30,Nehru Nagar,349
2023-09-30,Shivaji Park,108
2023-09-30,Kalachowki,148
2023-09-30,Nagpada,215
2023-09-30,Wadala,54
2023-09-30,L. T. Marg,249
2023-09-30,Cuffe Parade,91
2023-09-30,Kurar,197
2023-09-30,Malad,170
2023-09-30,Powai,192
2023-09-30,Santacruz,184
2023-09-30,Kherwadi,331
2023-09-30,Vikhroli,150
2023-09-30,Trombay,219
2023-09-30,Mahim,257
2023-09-30,Matunga,101
2023-09-30,Agripada,211
2023-09-30,Sewree,73
2023-09-30,V. P. Road,217
2023-09-30,Azad Maidan,293
2023-09-30,Samta Nagar,207
2023-09-30,Malvani,324
2023-09-30,M I D C,132
2023-09-30,Juhu,294
2023-09-30,B.K.C.,98
2023-09-30,Kanjurmarg,208
2023-09-30,R.C.F.,97
2023-09-30,Shahu nagar,212
2023-09-30,R.A.K. Marg,161
2023-09-30,Byculla,290
2023-09-30,Dr.D.B Marg,192
2023-09-30,M.R.A. Marg,332
2023-09-30,Kasturba marg,316
2023-09-30,Borivali,299
2023-09-30,Andheri,89
2023-09-30,D. N. Nagar,318
2023-09-30,Nirmal Nagar,232
2023-09-30,Navghar,131
2023-09-30,Deonar,120
2023-09-30,Kurla,265
2023-09-30,Sion,312
2023-09-30,Worli,222
2023-09-30,Gamdevi,66
2023-09-30,Dongri,110
2023-09-30,Dahisar,112
2023-09-30,Kandivali,289
2023-09-30,Jogeshwari,293
2023-09-30,Versova,68
2023-09-30,Sahar,51
2023-09-30,Bhandup,140
2023-09-30,Shivaji Nagar,205
2023-09-30,Vinoba Bhave Nagar,154
2023-09-30,Antop Hill,237
2023-09-30,N. M. Joshi Marg,205
2023-09-30,Malabar Hill,116
2023-09-30,Sir J.J. Marg,327
2023-09-30,Aarey,367
2023-09-30,Charkop,278
2023-09-30,Oshiwara,353
2023-09-30,Airport,212
2023-09-30,Mulund,248
2023-09-30,Tilak Nagar,139
2023-09-30,Dharavi,314
2023-09-30,Wadala Truck Terminal,284
2023-09-30,Marine Drive,351
2023-09-30,M.H.B. Colony,217
2023-09-30,Amboli,252
2023-09-30,Parksite,107
2023-09-30,Chunabhatti,68
2023-09-30,Gorai,82
2023-09-30,Mankhurd,115
2023-09-30,Govandi,93
2023-10-31,Vanrai,299
2023-10-31,Bangur Nagar,206
2023-10-31,Meghwadi,237
2023-10-31,Bandra,36
2023-10-31,Vakola,86
2023-10-31,Ghatkopar,131
2023-10-31,Chembur,332
2023-10-31,Dadar,318
2023-10-31,Bhoiwada,85
2023-10-31,Tardeo,145
2023-10-31,Yellow Gate,140
2023-10-31,Pydhonie,287
2023-10-31,Colaba,209
2023-10-31,Dindoshi,169
2023-10-31,Goregaon,311
2023-10-31,Sakinaka,228
2023-10-31,Khar,238
2023-10-31,VileParle,184
2023-10-31,PantNagar,320
2023-10-31,Nehru Nagar,337
2023-10-31,Shivaji Park,132
2023-10-31,Kalachowki,167
2023-10-31,Nagpada,242
2023-10-31,Wadala,50
2023-10-31,L. T. Marg,278
2023-10-31,Cuffe Parade,83
2023-10-31,Kurar,165
2023-10-31,Malad,187
2023-10-31,Powai,163
2023-10-31,Santacruz,223
2023-10-31,Kherwadi,312
2023-10-31,Vikhroli,157
2023-10-31,Trombay,213
2023-10-31,Mahim,249
2023-10-31,Matunga,96
2023-10-31,Agripada,169
2023-10-31,Sewree,42
2023-10-31,V. P. Road,223
2023-10-31,Azad Maidan,260
2023-10-31,Samta Nagar,199
2023-10-31,Malvani,353
2023-10-31,M I D C,126
2023-10-31,Juhu,329
2023-10-31,B.K.C.,150
2023-10-31,Kanjurmarg,186
2023-10-31,R.C.F.,118
2023-10-31,Shahu nagar,190
2023-10-31,R.A.K. Marg,153
2023-10-31,Byculla,298
2023-10-31,Dr.D.B Marg,192
2023-10-31,M.R.A. Marg,317
2023-10-31,Kasturba marg,333
2023-10-31,Borivali,290
2023-10-31,Andheri,52
2023-10-31,D. N. Nagar,339
2023-10-31,Nirmal Nagar,197
2023-10-31,Navghar,146
2023-10-31,Deonar,88
2023-10-31,Kurla,231
2023-10-31,Sion,355
2023-10-31,Worli,197
2023-10-31,Gamdevi,71
2023-10-31,Dongri,129
2023-10-31,Dahisar,109
2023-10-31,Kandivali,278
2023-10-31,Jogeshwari,323
2023-10-31,Versova,67
2023-10-31,Sahar,56
2023-10-31,Bhandup,109
2023-10-31,Shivaji Nagar,212
2023-10-31,Vinoba Bhave Nagar,158
2023-10-31,Antop Hill,259
2023-10-31,N. M. Joshi Marg,230
2023-10-31,Malabar Hill,110
2023-10-31,Sir J.J. Marg,363
2023-10-31,Aarey,366
2023-10-31,Charkop,310
2023-10-31,Oshiwara,353
2023-10-31,Airport,198
2023-10-31,Mulund,211
2023-10-31,Tilak Nagar,139
2023-10-31,Dharavi,292
2023-10-31,Wadala Truck Terminal,240
2023-10-31,Marine Drive,348
2023-10-31,M.H.B. Colony,231
2023-10-31,Amboli,194
2023-10-31,Parksite,126
2023-10-31,Chunabhatti,56
2023-10-31,Gorai,76
2023-10-31,Mankhurd,110
2023-10-31,Govandi,42
2023-11-30,Vanrai,301
2023-11-30,Bangur Nagar,196
2023-11-30,Meghwadi,204
2023-11-30,Bandra,77
2023-11-30,Vakola,138
2023-11-30,Ghatkopar,133
2023-11-30,Chembur,325
2023-11-30,Dadar,356
2023-11-30,Bhoiwada,95
2023-11-30,Tardeo,138
2023-11-30,Yellow Gate,123
2023-11-30,Pydhonie,283
2023-11-30,Colaba,200
2023-11-30,Dindoshi,155
2023-11-30,Goregaon,328
2023-11-30,Sakinaka,232
2023-11-30,Khar,254
2023-11-30,VileParle,237
2023-11-30,PantNagar,352
2023-11-30,Nehru Nagar,364
2023-11-30,Shivaji Park,91
2023-11-30,Kalachowki,119
2023-11-30,Nagpada,213
2023-11-30,Wadala,62
2023-11-30,L. T. Marg,302
2023-11-30,Cuffe Parade,121
2023-11-30,Kurar,151
2023-11-30,Malad,197
2023-11-30,Powai,157
2023-11-30,Santacruz,203
2023-11-30,Kherwadi,347
2023-11-30,Vikhroli,107
2023-11-30,Trombay,224
2023-11-30,Mahim,267
2023-11-30,Matunga,74
2023-11-30,Agripada,164
2023-11-30,Sewree,79
2023-11-30,V. P. Road,258
2023-11-30,Azad Maidan,244
2023-11-30,Samta Nagar,197
2023-11-30,Malvani,321
2023-11-30,M I D C,136
2023-11-30,Juhu,336
2023-11-30,B.K.C.,117
2023-11-30,Kanjurmarg,234
2023-11-30,R.C.F.,101
2023-11-30,Shahu nagar,172
2023-11-30,R.A.K. Marg,143
2023-11-30,Byculla,324
2023-11-30,Dr.D.B Marg,227
2023-11-30,M.R.A. Marg,310
2023-11-30,Kasturba marg,326
2023-11-30,Borivali,270
2023-11-30,Andheri,57
2023-11-30,D. N. Nagar,300
2023-11-30,Nirmal Nagar,235
2023-11-30,Navghar,134
2023-11-30,Deonar,119
2023-11-30,Kurla,263
2023-11-30,Sion,341
2023-11-30,Worli,240
2023-11-30,Gamdevi,45
2023-11-30,Dongri,140
2023-11-30,Dahisar,70
2023-11-30,Kandivali,283
2023-11-30,Jogeshwari,269
2023-11-30,Versova,55
2023-11-30,Sahar,88
2023-11-30,Bhandup,144
2023-11-30,Shivaji Nagar,215
2023-11-30,Vinoba Bhave Nagar,156
2023-11-30,Antop Hill,263
2023-11-30,N. M. Joshi Marg,183
2023-11-30,Malabar Hill,126
2023-11-30,Sir J.J. Marg,326
2023-11-30,Aarey,352
2023-11-30,Charkop,257
2023-11-30,Oshiwara,360
2023-11-30,Airport,164
2023-11-30,Mulund,211
2023-11-30,Tilak Nagar,117
2023-11-30,Dharavi,301
2023-11-30,Wadala Truck Terminal,265
2023-11-30,Marine Drive,363
2023-11-30,M.H.B. Colony,221
2023-11-30,Amboli,229
2023-11-30,Parksite,125
2023-11-30,Chunabhatti,88
2023-11-30,Gorai,60
2023-11-30,Mankhurd,134
2023-11-30,Govandi,50
2023-12-31,Vanrai,332
2023-12-31,Bangur Nagar,200
2023-12-31,Meghwadi,219
2023-12-31,Bandra,50
2023-12-31,Vakola,116
2023-12-31,Ghatkopar,118
2023-12-31,Chembur,286
2023-12-31,Dadar,317
2023-12-31,Bhoiwada,86
2023-12-31,Tardeo,122
2023-12-31,Yellow Gate,132
2023-12-31,Pydhonie,289
2023-12-31,Colaba,238
2023-12-31,Dindoshi,128
2023-12-31,Goregaon,298
2023-12-31,Sakinaka,248
2023-12-31,Khar,203
2023-12-31,VileParle,229
2023-12-31,PantNagar,360
2023-12-31,Nehru Nagar,335
2023-12-31,Shivaji Park,114
2023-12-31,Kalachowki,154
2023-12-31,Nagpada,253
2023-12-31,Wadala,49
2023-12-31,L. T. Marg,264
2023-12-31,Cuffe Parade,78
2023-12-31,Kurar,168
2023-12-31,Malad,187
2023-12-31,Powai,182
2023-12-31,Santacruz,208
2023-12-31,Kherwadi,323
2023-12-31,Vikhroli,123
2023-12-31,Trombay,266
2023-12-31,Mahim,249
2023-12-31,Matunga,79
2023-12-31,Agripada,206
2023-12-31,Sewree,73
2023-12-31,V. P. Road,238
2023-12-31,Azad Maidan,281
2023-12-31,Samta Nagar,217
2023-12-31,Malvani,370
2023-12-31,M I D C,128
2023-12-31,Juhu,305
2023-12-31,B.K.C.,107
2023-12-31,Kanjurmarg,200
2023-12-31,R.C.F.,109
2023-12-31,Shahu nagar,210
2023-12-31,R.A.K. Marg,194
2023-12-31,Byculla,311
2023-12-31,Dr.D.B Marg,170
2023-12-31,M.R.A. Marg,326
2023-12-31,Kasturba marg,346
2023-12-31,Borivali,298
2023-12-31,Andheri,54
2023-12-31,D. N. Nagar,319
2023-12-31,Nirmal Nagar,236
2023-12-31,Navghar,167
2023-12-31,Deonar,80
2023-12-31,Kurla,264
2023-12-31,Sion,307
2023-12-31,Worli,242
2023-12-31,Gamdevi,73
2023-12-31,Dongri,98
2023-12-31,Dahisar,89
2023-12-31,Kandivali,305
2023-12-31,Jogeshwari,316
2023-12-31,Versova,37
2023-12-31,Sahar,39
2023-12-31,Bhandup,131
2023-12-31,Shivaji Nagar,246
2023-12-31,Vinoba Bhave Nagar,112
2023-12-31,Antop Hill,238
2023-12-31,N. M. Joshi Marg,174
2023-12-31,Malabar Hill,143
2023-12-31,Sir J.J. Marg,319
2023-12-31,Aarey,339
2023-12-31,Charkop,286
2023-12-31,Oshiwara,355
2023-12-31,Airport,208
2023-12-31,Mulund,225
2023-12-31,Tilak Nagar,142
2023-12-31,Dharavi,322
2023-12-31,Wadala Truck Terminal,290
2023-12-31,Marine Drive,343
2023-12-31,M.H.B. Colony,237
2023-12-31,Amboli,212
2023-12-31,Parksite,92
2023-12-31,Chunabhatti,68
2023-12-31,Gorai,58
2023-12-31,Mankhurd,137
2023-12-31,Govandi,56
2024-01-31,Vanrai,334
2024-01-31,Bangur Nagar,233
2024-01-31,Meghwadi,216
2024-01-31,Bandra,51
2024-01-31,Vakola,115
2024-01-31,Ghatkopar,117
2024-01-31,Chembur,324
2024-01-31,Dadar,351
2024-01-31,Bhoiwada,88
2024-01-31,Tardeo,130
2024-01-31,Yellow Gate,139
2024-01-31,Pydhonie,261
2024-01-31,Colaba,220
2024-01-31,Dindoshi,149
2024-01-31,Goregaon,284
2024-01-31,Sakinaka,222
2024-01-31,Khar,243
2024-01-31,VileParle,212
2024-01-31,PantNagar,335
2024-01-31,Nehru Nagar,363
2024-01-31,Shivaji Park,146
2024-01-31,Kalachowki,138
2024-01-31,Nagpada,244
2024-01-31,Wadala,59
2024-01-31,L. T. Marg,299
2024-01-31,Cuffe Parade,125
2024-01-31,Kurar,195
2024-01-31,Malad,183
2024-01-31,Powai,159
2024-01-31,Santacruz,198
2024-01-31,Kherwadi,323
2024-01-31,Vikhroli,133
2024-01-31,Trombay,230
2024-01-31,Mahim,296
2024-01-31,Matunga,92
2024-01-31,Agripada,196
2024-01-31,Sewree,45
2024-01-31,V. P. Road,255
2024-01-31,Azad Maidan,266
2024-01-31,Samta Nagar,213
2024-01-31,Malvani,353
2024-01-31,M I D C,170
2024-01-31,Juhu,329
2024-01-31,B.K.C.,98
2024-01-31,Kanjurmarg,211
2024-01-31,R.C.F.,74
2024-01-31,Shahu nagar,199
2024-01-31,R.A.K. Marg,188
2024-01-31,Byculla,309
2024-01-31,Dr.D.B Marg,217
2024-01-31,M.R.A. Marg,321
2024-01-31,Kasturba marg,304
2024-01-31,Borivali,269
2024-01-31,Andheri,84
2024-01-31,D. N. Nagar,337
2024-01-31,Nirmal Nagar,239
2024-01-31,Navghar,159
2024-01-31,Deonar,76
2024-01-31,Kurla,234
2024-01-31,Sion,321
2024-01-31,Worli,189
2024-01-31,Gamdevi,51
2024-01-31,Dongri,111
2024-01-31,Dahisar,53
2024-01-31,Kandivali,298
2024-01-31,Jogeshwari,269
2024-01-31,Versova,46
2024-01-31,Sahar,62
2024-01-31,Bhandup,116
2024-01-31,Shivaji Nagar,244
2024-01-31,Vinoba Bhave Nagar,148
2024-01-31,Antop Hill,257
2024-01-31,N. M. Joshi Marg,223
2024-01-31,Malabar Hill,150
2024-01-31,Sir J.J. Marg,319
2024-01-31,Aarey,322
2024-01-31,Charkop,268
2024-01-31,Oshiwara,333
2024-01-31,Airport,192
2024-01-31,Mulund,194
2024-01-31,Tilak Nagar,102
2024-01-31,Dharavi,339
2024-01-31,Wadala Truck Terminal,284
2024-01-31,Marine Drive,376
2024-01-31,M.H.B. Colony,238
2024-01-31,Amboli,227
2024-01-31,Parksite,122
2024-01-31,Chunabhatti,77
2024-01-31,Gorai,61
2024-01-31,Mankhurd,88
2024-01-31,Govandi,98
2024-02-29,Vanrai,307
2024-02-29,Bangur Nagar,186
2024-02-29,Meghwadi,227
2024-02-29,Bandra,42
2024-02-29,Vakola,102
2024-02-29,Ghatkopar,139
2024-02-29,Chembur,298
2024-02-29,Dadar,322
2024-02-29,Bhoiwada,68
2024-02-29,Tardeo,159
2024-02-29,Yellow Gate,93
2024-02-29,Pydhonie,277
2024-02-29,Colaba,198
2024-02-29,Dindoshi,183
2024-02-29,Goregaon,300
2024-02-29,Sakinaka,208
2024-02-29,Khar,212
2024-02-29,VileParle,208
2024-02-29,PantNagar,318
2024-02-29,Nehru Nagar,363
2024-02-29,Shivaji Park,113
2024-02-29,Kalachowki,168
2024-02-29,Nagpada,253
2024-02-29,Wadala,43
2024-02-29,L. T. Marg,267
2024-02-29,Cuffe Parade,108
2024-02-29,Kurar,185
2024-02-29,Malad,203
2024-02-29,Powai,209
2024-02-29,Santacruz,180
2024-02-29,Kherwadi,324
2024-02-29,Vikhroli,158
2024-02-29,Trombay,211
2024-02-29,Mahim,268
2024-02-29,Matunga,104
2024-02-29,Agripada,156
2024-02-29,Sewree,71
2024-02-29,V. P. Road,247
2024-02-29,Azad Maidan,290
2024-02-29,Samta Nagar,222
2024-02-29,Malvani,327
2024-02-29,M I D C,169
2024-02-29,Juhu,280
2024-02-29,B.K.C.,94
2024-02-29,Kanjurmarg,192
2024-02-29,R.C.F.,120
2024-02-29,Shahu nagar,179
2024-02-29,R.A.K. Marg,180
2024-02-29,Byculla,314
2024-02-29,Dr.D.B Marg,223
2024-02-29,M.R.A. Marg,354
2024-02-29,Kasturba marg,313
2024-02-29,Borivali,275
2024-02-29,Andheri,89
2024-02-29,D. N. Nagar,295
2024-02-29,Nirmal Nagar,223
2024-02-29,Navghar,164
2024-02-29,Deonar,88
2024-02-29,Kurla,242
2024-02-29,Sion,333
2024-02-29,Worli,226
2024-02-29,Gamdevi,40
2024-02-29,Dongri,121
2024-02-29,Dahisar,68
2024-02-29,Kandivali,269
2024-02-29,Jogeshwari,312
2024-02-29,Versova,88
2024-02-29,Sahar,90
2024-02-29,Bhandup,127
2024-02-29,Shivaji Nagar,206
2024-02-29,Vinoba Bhave Nagar,130
2024-02-29,Antop Hill,247
2024-02-29,N. M. Joshi Marg,185
2024-02-29,Malabar Hill,136
2024-02-29,Sir J.J. Marg,350
2024-02-29,Aarey,318
2024-02-29,Charkop,311
2024-02-29,Oshiwara,341
2024-02-29,Airport,185
2024-02-29,Mulund,240
2024-02-29,Tilak Nagar,89
2024-02-29,Dharavi,338
2024-02-29,Wadala Truck Terminal,292
2024-02-29,Marine Drive,339
2024-02-29,M.H.B. Colony,208
2024-02-29,Amboli,204
2024-02-29,Parksite,115
2024-02-29,Chunabhatti,101
2024-02-29,Gorai,63
2024-02-29,Mankhurd,95
2024-02-29,Govandi,68
2024-03-31,Vanrai,304
2024-03-31,Bangur Nagar,209
2024-03-31,Meghwadi,204
2024-03-31,Bandra,38
2024-03-31,Vakola,130
2024-03-31,Ghatkopar,168
2024-03-31,Chembur,283
2024-03-31,Dadar,316
2024-03-31,Bhoiwada,82
2024-03-31,Tardeo,113
2024-03-31,Yellow Gate,103
2024-03-31,Pydhonie,311
2024-03-31,Colaba,196
2024-03-31,Dindoshi,171
2024-03-31,Goregaon,296
2024-03-31,Sakinaka,204
2024-03-31,Khar,215
2024-03-31,VileParle,240
2024-03-31,PantNagar,375
2024-03-31,Nehru Nagar,367
2024-03-31,Shivaji Park,129
2024-03-31,Kalachowki,174
2024-03-31,Nagpada,241
2024-03-31,Wadala,83
2024-03-31,L. T. Marg,287
2024-03-31,Cuffe Parade,75
2024-03-31,Kurar,163
2024-03-31,Malad,167
2024-03-31,Powai,214
2024-03-31,Santacruz,195
2024-03-31,Kherwadi,357
2024-03-31,Vikhroli,113
2024-03-31,Trombay,226
2024-03-31,Mahim,279
2024-03-31,Matunga,80
2024-03-31,Agripada,185
2024-03-31,Sewree,34
2024-03-31,V. P. Road,267
2024-03-31,Azad Maidan,299
2024-03-31,Samta Nagar,242
2024-03-31,Malvani,371
2024-03-31,M I D C,133
2024-03-31,Juhu,331
2024-03-31,B.K.C.,119
2024-03-31,Kanjurmarg,203
2024-03-31,R.C.F.,90
2024-03-31,Shahu nagar,188
2024-03-31,R.A.K. Marg,200
2024-03-31,Byculla,273
2024-03-31,Dr.D.B Marg,186
2024-03-31,M.R.A. Marg,333
2024-03-31,Kasturba marg,356
2024-03-31,Borivali,292
2024-03-31,Andheri,75
2024-03-31,D. N. Nagar,351
2024-03-31,Nirmal Nagar,239
2024-03-31,Navghar,130
2024-03-31,Deonar,82
2024-03-31,Kurla,252
2024-03-31,Sion,346
2024-03-31,Worli,234
2024-03-31,Gamdevi,77
2024-03-31,Dongri,135
2024-03-31,Dahisar,58
2024-03-31,Kandivali,262
2024-03-31,Jogeshwari,265
2024-03-31,Versova,81
2024-03-31,Sahar,58
2024-03-31,Bhandup,147
2024-03-31,Shivaji Nagar,232
2024-03-31,Vinoba Bhave Nagar,149
2024-03-31,Antop Hill,257
2024-03-31,N. M. Joshi Marg,202
2024-03-31,Malabar Hill,150
2024-03-31,Sir J.J. Marg,357
2024-03-31,Aarey,345
2024-03-31,Charkop,281
2024-03-31,Oshiwara,363
2024-03-31,Airport,196
2024-03-31,Mulund,222
2024-03-31,Tilak Nagar,137
2024-03-31,Dharavi,341
2024-03-31,Wadala Truck Terminal,294
2024-03-31,Marine Drive,377
2024-03-31,M.H.B. Colony,256
2024-03-31,Amboli,246
2024-03-31,Parksite,133
2024-03-31,Chunabhatti,66
2024-03-31,Gorai,62
2024-03-31,Mankhurd,102
2024-03-31,Govandi,68
2024-04-30,Vanrai,353
2024-04-30,Bangur Nagar,212
2024-04-30,Meghwadi,208
2024-04-30,Bandra,55
2024-04-30,Vakola,99
2024-04-30,Ghatkopar,168
2024-04-30,Chembur,331
2024-04-30,Dadar,363
2024-04-30,Bhoiwada,85
2024-04-30,Tardeo,161
2024-04-30,Yellow Gate,119
2024-04-30,Pydhonie,285
2024-04-30,Colaba,201
2024-04-30,Dindoshi,170
2024-04-30,Goregaon,287
2024-04-30,Sakinaka,205
2024-04-30,Khar,220
2024-04-30,VileParle,241
2024-04-30,PantNagar,372
2024-04-30,Nehru Nagar,376
2024-04-30,Shivaji Park,109
2024-04-30,Kalachowki,151
2024-04-30,Nagpada,215
2024-04-30,Wadala,49
2024-04-30,L. T. Marg,279
2024-04-30,Cuffe Parade,115
2024-04-30,Kurar,193
2024-04-30,Malad,177
2024-04-30,Powai,180
2024-04-30,Santacruz,184
2024-04-30,Kherwadi,349
2024-04-30,Vikhroli,103
2024-04-30,Trombay,231
2024-04-30,Mahim,274
2024-04-30,Matunga,118
2024-04-30,Agripada,159
2024-04-30,Sewree,79
2024-04-30,V. P. Road,223
2024-04-30,Azad Maidan,287
2024-04-30,Samta Nagar,204
2024-04-30,Malvani,348
2024-04-30,M I D C,130
2024-04-30,Juhu,326
2024-04-30,B.K.C.,138
2024-04-30,Kanjurmarg,213
2024-04-30,R.C.F.,133
2024-04-30,Shahu nagar,193
2024-04-30,R.A.K. Marg,159
2024-04-30,Byculla,278
2024-04-30,Dr.D.B Marg,212
2024-04-30,M.R.A. Marg,299
2024-04-30,Kasturba marg,314
2024-04-30,Borivali,279
2024-04-30,Andheri,75
2024-04-30,D. N. Nagar,301
2024-04-30,Nirmal Nagar,213
2024-04-30,Navghar,149
2024-04-30,Deonar,97
2024-04-30,Kurla,237
2024-04-30,Sion,327
2024-04-30,Worli,199
2024-04-30,Gamdevi,41
2024-04-30,Dongri,135
2024-04-30,Dahisar,57
2024-04-30,Kandivali,271
2024-04-30,Jogeshwari,265
2024-04-30,Versova,65
2024-04-30,Sahar,42
2024-04-30,Bhandup,101
2024-04-30,Shivaji Nagar,208
2024-04-30,Vinoba Bhave Nagar,131
2024-04-30,Antop Hill,245
2024-04-30,N. M. Joshi Marg,212
2024-04-30,Malabar Hill,108
2024-04-30,Sir J.J. Marg,361
2024-04-30,Aarey,364
2024-04-30,Charkop,269
2024-04-30,Oshiwara,340
2024-04-30,Airport,196
2024-04-30,Mulund,220
2024-04-30,Tilak Nagar,88
2024-04-30,Dharavi,329
2024-04-30,Wadala Truck Terminal,271
2024-04-30,Marine Drive,360
2024-04-30,M.H.B. Colony,245
2024-04-30,Amboli,237
2024-04-30,Parksite,110
2024-04-30,Chunabhatti,69
2024-04-30,Gorai,86
2024-04-30,Mankhurd,113
2024-04-30,Govandi,101
2024-05-31,Vanrai,344
2024-05-31,Bangur Nagar,230
2024-05-31,Meghwadi,249
2024-05-31,Bandra,140
2024-05-31,Vakola,163
2024-05-31,Ghatkopar,156
2024-05-31,Chembur,338
2024-05-31,Dadar,367
2024-05-31,Bhoiwada,107
2024-05-31,Tardeo,146
2024-05-31,Yellow Gate,157
2024-05-31,Pydhonie,308
2024-05-31,Colaba,261
2024-05-31,Dindoshi,223
2024-05-31,Goregaon,285
2024-05-31,Sakinaka,286
2024-05-31,Khar,280
2024-05-31,VileParle,282
2024-05-31,PantNagar,391
2024-05-31,Nehru Nagar,373
2024-05-31,Shivaji Park,187
2024-05-31,Kalachowki,223
2024-05-31,Nagpada,270
2024-05-31,Wadala,67
2024-05-31,L. T. Marg,334
2024-05-31,Cuffe Parade,110
2024-05-31,Kurar,201
2024-05-31,Malad,221
2024-05-31,Powai,215
2024-05-31,Santacruz,228
2024-05-31,Kherwadi,371
2024-05-31,Vikhroli,144
2024-05-31,Trombay,238
2024-05-31,Mahim,269
2024-05-31,Matunga,98
2024-05-31,Agripada,212
2024-05-31,Sewree,58
2024-05-31,V. P. Road,253
2024-05-31,Azad Maidan,291
2024-05-31,Samta Nagar,223
2024-05-31,Malvani,394
2024-05-31,M I D C,171
2024-05-31,Juhu,364
2024-05-31,B.K.C.,127
2024-05-31,Kanjurmarg,245
2024-05-31,R.C.F.,125
2024-05-31,Shahu nagar,222
2024-05-31,R.A.K. Marg,201
2024-05-31,Byculla,322
2024-05-31,Dr.D.B Marg,219
2024-05-31,M.R.A. Marg,380
2024-05-31,Kasturba marg,365
2024-05-31,Borivali,304
2024-05-31,Andheri,103
2024-05-31,D. N. Nagar,361
2024-05-31,Nirmal Nagar,227
2024-05-31,Navghar,183
2024-05-31,Deonar,101
2024-05-31,Kurla,260
2024-05-31,Sion,356
2024-05-31,Worli,229
2024-05-31,Gamdevi,73
2024-05-31,Dongri,114
2024-05-31,Dahisar,121
2024-05-31,Kandivali,329
2024-05-31,Jogeshwari,369
2024-05-31,Versova,82
2024-05-31,Sahar,85
2024-05-31,Bhandup,175
2024-05-31,Shivaji Nagar,277
2024-05-31,Vinoba Bhave Nagar,207
2024-05-31,Antop Hill,266
2024-05-31,N. M. Joshi Marg,218
2024-05-31,Malabar Hill,190
2024-05-31,Sir J.J. Marg,394
2024-05-31,Aarey,353
2024-05-31,Charkop,307
2024-05-31,Oshiwara,358
2024-05-31,Airport,206
2024-05-31,Mulund,211
2024-05-31,Tilak Nagar,156
2024-05-31,Dharavi,367
2024-05-31,Wadala Truck Terminal,263
2024-05-31,Marine Drive,338
2024-05-31,M.H.B. Colony,267
2024-05-31,Amboli,269
2024-05-31,Parksite,128
2024-05-31,Chunabhatti,98
2024-05-31,Gorai,59
2024-05-31,Mankhurd,147
2024-05-31,Govandi,140
2024-06-30,Vanrai,352
2024-06-30,Bangur Nagar,279
2024-06-30,Meghwadi,247
2024-06-30,Bandra,135
2024-06-30,Vakola,111
2024-06-30,Ghatkopar,200
2024-06-30,Chembur,331
2024-06-30,Dadar,380
2024-06-30,Bhoiwada,106
2024-06-30,Tardeo,180
2024-06-30,Yellow Gate,132
2024-06-30,Pydhonie,354
2024-06-30,Colaba,218
2024-06-30,Dindoshi,197
2024-06-30,Goregaon,299
2024-06-30,Sakinaka,309
2024-06-30,Khar,274
2024-06-30,VileParle,244
2024-06-30,PantNagar,378
2024-06-30,Nehru Nagar,358
2024-06-30,Shivaji Park,116
2024-06-30,Kalachowki,171
2024-06-30,Nagpada,266
2024-06-30,Wadala,110
2024-06-30,L. T. Marg,282
2024-06-30,Cuffe Parade,125
2024-06-30,Kurar,196
2024-06-30,Malad,234
2024-06-30,Powai,199
2024-06-30,Santacruz,280
2024-06-30,Kherwadi,366
2024-06-30,Vikhroli,148
2024-06-30,Trombay,228
2024-06-30,Mahim,323
2024-06-30,Matunga,152
2024-06-30,Agripada,221
2024-06-30,Sewree,123
2024-06-30,V. P. Road,265
2024-06-30,Azad Maidan,303
2024-06-30,Samta Nagar,245
2024-06-30,Malvani,360
2024-06-30,M I D C,221
2024-06-30,Juhu,309
2024-06-30,B.K.C.,161
2024-06-30,Kanjurmarg,233
2024-06-30,R.C.F.,132
2024-06-30,Shahu nagar,251
2024-06-30,R.A.K. Marg,181
2024-06-30,Byculla,345
2024-06-30,Dr.D.B Marg,209
2024-06-30,M.R.A. Marg,337
2024-06-30,Kasturba marg,355
2024-06-30,Borivali,357
2024-06-30,Andheri,111
2024-06-30,D. N. Nagar,319
2024-06-30,Nirmal Nagar,217
2024-06-30,Navghar,171
2024-06-30,Deonar,108
2024-06-30,Kurla,312
2024-06-30,Sion,372
2024-06-30,Worli,214
2024-06-30,Gamdevi,112
2024-06-30,Dongri,174
2024-06-30,Dahisar,137
2024-06-30,Kandivali,324
2024-06-30,Jogeshwari,319
2024-06-30,Versova,73
2024-06-30,Sahar,128
2024-06-30,Bhandup,173
2024-06-30,Shivaji Nagar,269
2024-06-30,Vinoba Bhave Nagar,189
2024-06-30,Antop Hill,289
2024-06-30,N. M. Joshi Marg,231
2024-06-30,Malabar Hill,189
2024-06-30,Sir J.J. Marg,351
2024-06-30,Aarey,358
2024-06-30,Charkop,322
2024-06-30,Oshiwara,376
2024-06-30,Airport,171
2024-06-30,Mulund,290
2024-06-30,Tilak Nagar,148
2024-06-30,Dharavi,318
2024-06-30,Wadala Truck Terminal,314
2024-06-30,Marine Drive,417
2024-06-30,M.H.B. Colony,296
2024-06-30,Amboli,249
2024-06-30,Parksite,153
2024-06-30,Chunabhatti,106
2024-06-30,Gorai,107
2024-06-30,Mankhurd,115
2024-06-30,Govandi,74
2024-07-31,Vanrai,336
2024-07-31,Bangur Nagar,225
2024-07-31,Meghwadi,226
2024-07-31,Bandra,96
2024-07-31,Vakola,129
2024-07-31,Ghatkopar,153
2024-07-31,Chembur,318
2024-07-31,Dadar,345
2024-07-31,Bhoiwada,100
2024-07-31,Tardeo,113
2024-07-31,Yellow Gate,126
2024-07-31,Pydhonie,269
2024-07-31,Colaba,195
2024-07-31,Dindoshi,178
2024-07-31,Goregaon,277
2024-07-31,Sakinaka,247
2024-07-31,Khar,203
2024-07-31,VileParle,218
2024-07-31,PantNagar,338
2024-07-31,Nehru Nagar,345
2024-07-31,Shivaji Park,93
2024-07-31,Kalachowki,139
2024-07-31,Nagpada,250
2024-07-31,Wadala,52
2024-07-31,L. T. Marg,258
2024-07-31,Cuffe Parade,115
2024-07-31,Kurar,171
2024-07-31,Malad,182
2024-07-31,Powai,160
2024-07-31,Santacruz,207
2024-07-31,Kherwadi,359
2024-07-31,Vikhroli,153
2024-07-31,Trombay,223
2024-07-31,Mahim,259
2024-07-31,Matunga,70
2024-07-31,Agripada,186
2024-07-31,Sewree,46
2024-07-31,V. P. Road,217
2024-07-31,Azad Maidan,245
2024-07-31,Samta Nagar,205
2024-07-31,Malvani,356
2024-07-31,M I D C,139
2024-07-31,Juhu,303
2024-07-31,B.K.C.,97
2024-07-31,Kanjurmarg,223
2024-07-31,R.C.F.,126
2024-07-31,Shahu nagar,220
2024-07-31,R.A.K. Marg,165
2024-07-31,Byculla,315
2024-07-31,Dr.D.B Marg,212
2024-07-31,M.R.A. Marg,326
2024-07-31,Kasturba marg,346
2024-07-31,Borivali,270
2024-07-31,Andheri,99
2024-07-31,D. N. Nagar,335
2024-07-31,Nirmal Nagar,245
2024-07-31,Navghar,176
2024-07-31,Deonar,97
2024-07-31,Kurla,257
2024-07-31,Sion,311
2024-07-31,Worli,240
2024-07-31,Gamdevi,53
2024-07-31,Dongri,99
2024-07-31,Dahisar,94
2024-07-31,Kandivali,306
2024-07-31,Jogeshwari,276
2024-07-31,Versova,36
2024-07-31,Sahar,47
2024-07-31,Bhandup,140
2024-07-31,Shivaji Nagar,243
2024-07-31,Vinoba Bhave Nagar,117
2024-07-31,Antop Hill,230
2024-07-31,N. M. Joshi Marg,192
2024-07-31,Malabar Hill,130
2024-07-31,Sir J.J. Marg,350
2024-07-31,Aarey,318
2024-07-31,Charkop,288
2024-07-31,Oshiwara,309
2024-07-31,Airport,168
2024-07-31,Mulund,241
2024-07-31,Tilak Nagar,131
2024-07-31,Dharavi,310
2024-07-31,Wadala Truck Terminal,280
2024-07-31,Marine Drive,370
2024-07-31,M.H.B. Colony,227
2024-07-31,Amboli,214
2024-07-31,Parksite,112
2024-07-31,Chunabhatti,63
2024-07-31,Gorai,70
2024-07-31,Mankhurd,110
2024-07-31,Govandi,92
2024-08-31,Vanrai,311
2024-08-31,Bangur Nagar,221
2024-08-31,Meghwadi,201
2024-08-31,Bandra,38
2024-08-31,Vakola,85
2024-08-31,Ghatkopar,118
2024-08-31,Chembur,339
2024-08-31,Dadar,313
2024-08-31,Bhoiwada,67
2024-08-31,Tardeo,153
2024-08-31,Yellow Gate,131
2024-08-31,Pydhonie,270
2024-08-31,Colaba,207
2024-08-31,Dindoshi,171
2024-08-31,Goregaon,280
2024-08-31,Sakinaka,231
2024-08-31,Khar,251
2024-08-31,VileParle,238
2024-08-31,PantNagar,371
2024-08-31,Nehru Nagar,366
2024-08-31,Shivaji Park,141
2024-08-31,Kalachowki,178
2024-08-31,Nagpada,226
2024-08-31,Wadala,83
2024-08-31,L. T. Marg,299
2024-08-31,Cuffe Parade,95
2024-08-31,Kurar,186
2024-08-31,Malad,197
2024-08-31,Powai,159
2024-08-31,Santacruz,198
2024-08-31,Kherwadi,358
2024-08-31,Vikhroli,134
2024-08-31,Trombay,234
2024-08-31,Mahim,289
2024-08-31,Matunga,113
2024-08-31,Agripada,153
2024-08-31,Sewree,48
2024-08-31,V. P. Road,230
2024-08-31,Azad Maidan,240
2024-08-31,Samta Nagar,211
2024-08-31,Malvani,361
2024-08-31,M I D C,168
2024-08-31,Juhu,282
2024-08-31,B.K.C.,134
2024-08-31,Kanjurmarg,215
2024-08-31,R.C.F.,83
2024-08-31,Shahu nagar,223
2024-08-31,R.A.K. Marg,166
2024-08-31,Byculla,328
2024-08-31,Dr.D.B Marg,222
2024-08-31,M.R.A. Marg,307
2024-08-31,Kasturba marg,308
2024-08-31,Borivali,274
2024-08-31,Andheri,66
2024-08-31,D. N. Nagar,330
2024-08-31,Nirmal Nagar,195
2024-08-31,Navghar,143
2024-08-31,Deonar,90
2024-08-31,Kurla,249
2024-08-31,Sion,314
2024-08-31,Worli,221
2024-08-31,Gamdevi,47
2024-08-31,Dongri,107
2024-08-31,Dahisar,79
2024-08-31,Kandivali,309
2024-08-31,Jogeshwari,287
2024-08-31,Versova,35
2024-08-31,Sahar,95
2024-08-31,Bhandup,143
2024-08-31,Shivaji Nagar,218
2024-08-31,Vinoba Bhave Nagar,115
2024-08-31,Antop Hill,241
2024-08-31,N. M. Joshi Marg,198
2024-08-31,Malabar Hill,166
2024-08-31,Sir J.J. Marg,358
2024-08-31,Aarey,365
2024-08-31,Charkop,266
2024-08-31,Oshiwara,311
2024-08-31,Airport,153
2024-08-31,Mulund,201
2024-08-31,Tilak Nagar,133
2024-08-31,Dharavi,303
2024-08-31,Wadala Truck Terminal,246
2024-08-31,Marine Drive,360
2024-08-31,M.H.B. Colony,255
2024-08-31,Amboli,244
2024-08-31,Parksite,128
2024-08-31,Chunabhatti,93
2024-08-31,Gorai,47
2024-08-31,Mankhurd,81
2024-08-31,Govandi,93
2024-09-30,Vanrai,314
2024-09-30,Bangur Nagar,216
2024-09-30,Meghwadi,227
2024-09-30,Bandra,94
2024-09-30,Vakola,124
2024-09-30,Ghatkopar,148
2024-09-30,Chembur,303
2024-09-30,Dadar,359
2024-09-30,Bhoiwada,97
2024-09-30,Tardeo,128
2024-09-30,Yellow Gate,127
2024-09-30,Pydhonie,272
2024-09-30,Colaba,243
2024-09-30,Dindoshi,173
2024-09-30,Goregaon,291
2024-09-30,Sakinaka,212
2024-09-30,Khar,203
2024-09-30,VileParle,229
2024-09-30,PantNagar,333
2024-09-30,Nehru Nagar,326
2024-09-30,Shivaji Park,136
2024-09-30,Kalachowki,162
2024-09-30,Nagpada,243
2024-09-30,Wadala,85
2024-09-30,L. T. Marg,300
2024-09-30,Cuffe Parade,125
2024-09-30,Kurar,180
2024-09-30,Malad,191
2024-09-30,Powai,205
2024-09-30,Santacruz,230
2024-09-30,Kherwadi,321
2024-09-30,Vikhroli,160
2024-09-30,Trombay,248
2024-09-30,Mahim,296
2024-09-30,Matunga,98
2024-09-30,Agripada,199
2024-09-30,Sewree,54
2024-09-30,V. P. Road,219
2024-09-30,Azad Maidan,288
2024-09-30,Samta Nagar,213
2024-09-30,Malvani,319
2024-09-30,M I D C,173
2024-09-30,Juhu,280
2024-09-30,B.K.C.,94
2024-09-30,Kanjurmarg,210
2024-09-30,R.C.F.,98
2024-09-30,Shahu nagar,210
2024-09-30,R.A.K. Marg,172
2024-09-30,Byculla,289
2024-09-30,Dr.D.B Marg,211
2024-09-30,M.R.A. Marg,354
2024-09-30,Kasturba marg,313
2024-09-30,Borivali,275
2024-09-30,Andheri,45
2024-09-30,D. N. Nagar,301
2024-09-30,Nirmal Nagar,194
2024-09-30,Navghar,143
2024-09-30,Deonar,76
2024-09-30,Kurla,262
2024-09-30,Sion,341
2024-09-30,Worli,219
2024-09-30,Gamdevi,60
2024-09-30,Dongri,125
2024-09-30,Dahisar,61
2024-09-30,Kandivali,282
2024-09-30,Jogeshwari,297
2024-09-30,Versova,49
2024-09-30,Sahar,70
2024-09-30,Bhandup,94
2024-09-30,Shivaji Nagar,261
2024-09-30,Vinoba Bhave Nagar,138
2024-09-30,Antop Hill,255
2024-09-30,N. M. Joshi Marg,198
2024-09-30,Malabar Hill,140
2024-09-30,Sir J.J. Marg,330
2024-09-30,Aarey,359
2024-09-30,Charkop,252
2024-09-30,Oshiwara,313
2024-09-30,Airport,163
2024-09-30,Mulund,225
2024-09-30,Tilak Nagar,124
2024-09-30,Dharavi,326
2024-09-30,Wadala Truck Terminal,260
2024-09-30,Marine Drive,322
2024-09-30,M.H.B. Colony,245
2024-09-30,Amboli,206
2024-09-30,Parksite,106
2024-09-30,Chunabhatti,60
2024-09-30,Gorai,69
2024-09-30,Mankhurd,82
2024-09-30,Govandi,89
2024-10-31,Vanrai,307
2024-10-31,Bangur Nagar,187
2024-10-31,Meghwadi,254
2024-10-31,Bandra,87
2024-10-31,Vakola,135
2024-10-31,Ghatkopar,161
2024-10-31,Chembur,286
2024-10-31,Dadar,357
2024-10-31,Bhoiwada,42
2024-10-31,Tardeo,105
2024-10-31,Yellow Gate,148
2024-10-31,Pydhonie,305
2024-10-31,Colaba,211
2024-10-31,Dindoshi,185
2024-10-31,Goregaon,311
2024-10-31,Sakinaka,235
2024-10-31,Khar,246
2024-10-31,VileParle,215
2024-10-31,PantNagar,342
2024-10-31,Nehru Nagar,345
2024-10-31,Shivaji Park,129
2024-10-31,Kalachowki,146
2024-10-31,Nagpada,225
2024-10-31,Wadala,62
2024-10-31,L. T. Marg,299
2024-10-31,Cuffe Parade,102
2024-10-31,Kurar,201
2024-10-31,Malad,200
2024-10-31,Powai,201
2024-10-31,Santacruz,206
2024-10-31,Kherwadi,356
2024-10-31,Vikhroli,110
2024-10-31,Trombay,235
2024-10-31,Mahim,291
2024-10-31,Matunga,104
2024-10-31,Agripada,155
2024-10-31,Sewree,65
2024-10-31,V. P. Road,270
2024-10-31,Azad Maidan,258
2024-10-31,Samta Nagar,195
2024-10-31,Malvani,368
2024-10-31,M I D C,157
2024-10-31,Juhu,324
2024-10-31,B.K.C.,139
2024-10-31,Kanjurmarg,213
2024-10-31,R.C.F.,92
2024-10-31,Shahu nagar,164
2024-10-31,R.A.K. Marg,153
2024-10-31,Byculla,302
2024-10-31,Dr.D.B Marg,202
2024-10-31,M.R.A. Marg,323
2024-10-31,Kasturba marg,353
2024-10-31,Borivali,279
2024-10-31,Andheri,60
2024-10-31,D. N. Nagar,334
2024-10-31,Nirmal Nagar,199
2024-10-31,Navghar,171
2024-10-31,Deonar,131
2024-10-31,Kurla,262
2024-10-31,Sion,331
2024-10-31,Worli,237
2024-10-31,Gamdevi,56
2024-10-31,Dongri,122
2024-10-31,Dahisar,58
2024-10-31,Kandivali,271
2024-10-31,Jogeshwari,268
2024-10-31,Versova,70
2024-10-31,Sahar,96
2024-10-31,Bhandup,111
2024-10-31,Shivaji Nagar,246
2024-10-31,Vinoba Bhave Nagar,119
2024-10-31,Antop Hill,231
2024-10-31,N. M. Joshi Marg,176
2024-10-31,Malabar Hill,167
2024-10-31,Sir J.J. Marg,352
2024-10-31,Aarey,338
2024-10-31,Charkop,266
2024-10-31,Oshiwara,311
2024-10-31,Airport,164
2024-10-31,Mulund,192
2024-10-31,Tilak Nagar,87
2024-10-31,Dharavi,312
2024-10-31,Wadala Truck Terminal,248
2024-10-31,Marine Drive,361
2024-10-31,M.H.B. Colony,237
2024-10-31,Amboli,241
2024-10-31,Parksite,128
2024-10-31,Chunabhatti,92
2024-10-31,Gorai,59
2024-10-31,Mankhurd,107
2024-10-31,Govandi,81
2024-11-30,Vanrai,343
2024-11-30,Bangur Nagar,227
2024-11-30,Meghwadi,244
2024-11-30,Bandra,55
2024-11-30,Vakola,110
2024-11-30,Ghatkopar,172
2024-11-30,Chembur,337
2024-11-30,Dadar,359
2024-11-30,Bhoiwada,89
2024-11-30,Tardeo,164
2024-11-30,Yellow Gate,152
2024-11-30,Pydhonie,283
2024-11-30,Colaba,195
2024-11-30,Dindoshi,169
2024-11-30,Goregaon,283
2024-11-30,Sakinaka,235
2024-11-30,Khar,224
2024-11-30,VileParle,201
2024-11-30,PantNagar,371
2024-11-30,Nehru Nagar,319
2024-11-30,Shivaji Park,99
2024-11-30,Kalachowki,145
2024-11-30,Nagpada,199
2024-11-30,Wadala,60
2024-11-30,L. T. Marg,268
2024-11-30,Cuffe Parade,93
2024-11-30,Kurar,161
2024-11-30,Malad,204
2024-11-30,Powai,194
2024-11-30,Santacruz,193
2024-11-30,Kherwadi,353
2024-11-30,Vikhroli,112
2024-11-30,Trombay,210
2024-11-30,Mahim,250
2024-11-30,Matunga,88
2024-11-30,Agripada,203
2024-11-30,Sewree,43
2024-11-30,V. P. Road,244
2024-11-30,Azad Maidan,288
2024-11-30,Samta Nagar,220
2024-11-30,Malvani,371
2024-11-30,M I D C,165
2024-11-30,Juhu,308
2024-11-30,B.K.C.,112
2024-11-30,Kanjurmarg,181
2024-11-30,R.C.F.,82
2024-11-30,Shahu nagar,169
2024-11-30,R.A.K. Marg,188
2024-11-30,Byculla,309
2024-11-30,Dr.D.B Marg,229
2024-11-30,M.R.A. Marg,299
2024-11-30,Kasturba marg,322
2024-11-30,Borivali,319
2024-11-30,Andheri,64
2024-11-30,D. N. Nagar,296
2024-11-30,Nirmal Nagar,223
2024-11-30,Navghar,166
2024-11-30,Deonar,127
2024-11-30,Kurla,237
2024-11-30,Sion,309
2024-11-30,Worli,240
2024-11-30,Gamdevi,87
2024-11-30,Dongri,156
2024-11-30,Dahisar,65
2024-11-30,Kandivali,304
2024-11-30,Jogeshwari,296
2024-11-30,Versova,35
2024-11-30,Sahar,73
2024-11-30,Bhandup,109
2024-11-30,Shivaji Nagar,246
2024-11-30,Vinoba Bhave Nagar,132
2024-11-30,Antop Hill,254
2024-11-30,N. M. Joshi Marg,231
2024-11-30,Malabar Hill,160
2024-11-30,Sir J.J. Marg,328
2024-11-30,Aarey,329
2024-11-30,Charkop,303
2024-11-30,Oshiwara,348
2024-11-30,Airport,210
2024-11-30,Mulund,224
2024-11-30,Tilak Nagar,144
2024-11-30,Dharavi,322
2024-11-30,Wadala Truck Terminal,286
2024-11-30,Marine Drive,325
2024-11-30,M.H.B. Colony,228
2024-11-30,Amboli,203
2024-11-30,Parksite,81
2024-11-30,Chunabhatti,50
2024-11-30,Gorai,75
2024-11-30,Mankhurd,111
2024-11-30,Govandi,75
2024-12-31,Vanrai,322
2024-12-31,Bangur Nagar,215
2024-12-31,Meghwadi,236
2024-12-31,Bandra,67
2024-12-31,Vakola,111
2024-12-31,Ghatkopar,161
2024-12-31,Chembur,333
2024-12-31,Dadar,367
2024-12-31,Bhoiwada,45
2024-12-31,Tardeo,151
2024-12-31,Yellow Gate,109
2024-12-31,Pydhonie,289
2024-12-31,Colaba,243
2024-12-31,Dindoshi,164
2024-12-31,Goregaon,329
2024-12-31,Sakinaka,209
2024-12-31,Khar,237
2024-12-31,VileParle,187
2024-12-31,PantNagar,353
2024-12-31,Nehru Nagar,354
2024-12-31,Shivaji Park,118
2024-12-31,Kalachowki,162
2024-12-31,Nagpada,214
2024-12-31,Wadala,67
2024-12-31,L. T. Marg,287
2024-12-31,Cuffe Parade,129
2024-12-31,Kurar,197
2024-12-31,Malad,161
2024-12-31,Powai,215
2024-12-31,Santacruz,186
2024-12-31,Kherwadi,365
2024-12-31,Vikhroli,153
2024-12-31,Trombay,242
2024-12-31,Mahim,291
2024-12-31,Matunga,84
2024-12-31,Agripada,168
2024-12-31,Sewree,76
2024-12-31,V. P. Road,233
2024-12-31,Azad Maidan,289
2024-12-31,Samta Nagar,222
2024-12-31,Malvani,330
2024-12-31,M I D C,173
2024-12-31,Juhu,287
2024-12-31,B.K.C.,106
2024-12-31,Kanjurmarg,229
2024-12-31,R.C.F.,86
2024-12-31,Shahu nagar,217
2024-12-31,R.A.K. Marg,184
2024-12-31,Byculla,299
2024-12-31,Dr.D.B Marg,172
2024-12-31,M.R.A. Marg,328
2024-12-31,Kasturba marg,311
2024-12-31,Borivali,295
2024-12-31,Andheri,81
2024-12-31,D. N. Nagar,331
2024-12-31,Nirmal Nagar,248
2024-12-31,Navghar,170
2024-12-31,Deonar,118
2024-12-31,Kurla,271
2024-12-31,Sion,357
2024-12-31,Worli,188
2024-12-31,Gamdevi,37
2024-12-31,Dongri,116
2024-12-31,Dahisar,103
2024-12-31,Kandivali,289
2024-12-31,Jogeshwari,323
2024-12-31,Versova,82
2024-12-31,Sahar,61
2024-12-31,Bhandup,136
2024-12-31,Shivaji Nagar,226
2024-12-31,Vinoba Bhave Nagar,158
2024-12-31,Antop Hill,228
2024-12-31,N. M. Joshi Marg,189
2024-12-31,Malabar Hill,156
2024-12-31,Sir J.J. Marg,371
2024-12-31,Aarey,342
2024-12-31,Charkop,308
2024-12-31,Oshiwara,337
2024-12-31,Airport,176
2024-12-31,Mulund,243
2024-12-31,Tilak Nagar,105
2024-12-31,Dharavi,296
2024-12-31,Wadala Truck Terminal,290
2024-12-31,Marine Drive,329
2024-12-31,M.H.B. Colony,233
2024-12-31,Amboli,209
2024-12-31,Parksite,81
2024-12-31,Chunabhatti,90
2024-12-31,Gorai,89
2024-12-31,Mankhurd,126
2024-12-31,Govandi,59
2025-01-31,Vanrai,336
2025-01-31,Bangur Nagar,226
2025-01-31,Meghwadi,249
2025-01-31,Bandra,80
2025-01-31,Vakola,132
2025-01-31,Ghatkopar,124
2025-01-31,Chembur,302
2025-01-31,Dadar,344
2025-01-31,Bhoiwada,80
2025-01-31,Tardeo,145
2025-01-31,Yellow Gate,148
2025-01-31,Pydhonie,279
2025-01-31,Colaba,234
2025-01-31,Dindoshi,167
2025-01-31,Goregaon,327
2025-01-31,Sakinaka,240
2025-01-31,Khar,200
2025-01-31,VileParle,243
2025-01-31,PantNagar,346
2025-01-31,Nehru Nagar,354
2025-01-31,Shivaji Park,127
2025-01-31,Kalachowki,146
2025-01-31,Nagpada,244
2025-01-31,Wadala,76
2025-01-31,L. T. Marg,292
2025-01-31,Cuffe Parade,85
2025-01-31,Kurar,190
2025-01-31,Malad,164
2025-01-31,Powai,178
2025-01-31,Santacruz,229
2025-01-31,Kherwadi,364
2025-01-31,Vikhroli,126
2025-01-31,Trombay,260
2025-01-31,Mahim,248
2025-01-31,Matunga,76
2025-01-31,Agripada,191
2025-01-31,Sewree,73
2025-01-31,V. P. Road,260
2025-01-31,Azad Maidan,295
2025-01-31,Samta Nagar,204
2025-01-31,Malvani,370
2025-01-31,M I D C,170
2025-01-31,Juhu,279
2025-01-31,B.K.C.,111
2025-01-31,Kanjurmarg,179
2025-01-31,R.C.F.,102
2025-01-31,Shahu nagar,193
2025-01-31,R.A.K. Marg,194
2025-01-31,Byculla,283
2025-01-31,Dr.D.B Marg,229
2025-01-31,M.R.A. Marg,301
2025-01-31,Kasturba marg,300
2025-01-31,Borivali,297
2025-01-31,Andheri,75
2025-01-31,D. N. Nagar,354
2025-01-31,Nirmal Nagar,206
2025-01-31,Navghar,123
2025-01-31,Deonar,75
2025-01-31,Kurla,232
2025-01-31,Sion,364
2025-01-31,Worli,227
2025-01-31,Gamdevi,42
2025-01-31,Dongri,98
2025-01-31,Dahisar,101
2025-01-31,Kandivali,308
2025-01-31,Jogeshwari,292
2025-01-31,Versova,63
2025-01-31,Sahar,80
2025-01-31,Bhandup,150
2025-01-31,Shivaji Nagar,219
2025-01-31,Vinoba Bhave Nagar,109
2025-01-31,Antop Hill,266
2025-01-31,N. M. Joshi Marg,189
2025-01-31,Malabar Hill,124
2025-01-31,Sir J.J. Marg,355
2025-01-31,Aarey,364
2025-01-31,Charkop,265
2025-01-31,Oshiwara,312
2025-01-31,Airport,203
2025-01-31,Mulund,235
2025-01-31,Tilak Nagar,94
2025-01-31,Dharavi,308
2025-01-31,Wadala Truck Terminal,284
2025-01-31,Marine Drive,327
2025-01-31,M.H.B. Colony,259
2025-01-31,Amboli,230
2025-01-31,Parksite,89
2025-01-31,Chunabhatti,87
2025-01-31,Gorai,93
2025-01-31,Mankhurd,94
2025-01-31,Govandi,62
2025-02-28,Vanrai,329
2025-02-28,Bangur Nagar,198
2025-02-28,Meghwadi,253
2025-02-28,Bandra,36
2025-02-28,Vakola,97
2025-02-28,Ghatkopar,135
2025-02-28,Chembur,299
2025-02-28,Dadar,326
2025-02-28,Bhoiwada,48
2025-02-28,Tardeo,122
2025-02-28,Yellow Gate,146
2025-02-28,Pydhonie,281
2025-02-28,Colaba,213
2025-02-28,Dindoshi,186
2025-02-28,Goregaon,316
2025-02-28,Sakinaka,248
2025-02-28,Khar,229
2025-02-28,VileParle,193
2025-02-28,PantNagar,368
2025-02-28,Nehru Nagar,358
2025-02-28,Shivaji Park,119
2025-02-28,Kalachowki,141
2025-02-28,Nagpada,247
2025-02-28,Wadala,65
2025-02-28,L. T. Marg,245
2025-02-28,Cuffe Parade,102
2025-02-28,Kurar,183
2025-02-28,Malad,162
2025-02-28,Powai,162
2025-02-28,Santacruz,211
2025-02-28,Kherwadi,363
2025-02-28,Vikhroli,136
2025-02-28,Trombay,263
2025-02-28,Mahim,273
2025-02-28,Matunga,89
2025-02-28,Agripada,157
2025-02-28,Sewree,59
2025-02-28,V. P. Road,267
2025-02-28,Azad Maidan,297
2025-02-28,Samta Nagar,191
2025-02-28,Malvani,320
2025-02-28,M I D C,167
2025-02-28,Juhu,336
2025-02-28,B.K.C.,150
2025-02-28,Kanjurmarg,219
2025-02-28,R.C.F.,126
2025-02-28,Shahu nagar,205
2025-02-28,R.A.K. Marg,196
2025-02-28,Byculla,300
2025-02-28,Dr.D.B Marg,200
2025-02-28,M.R.A. Marg,335
2025-02-28,Kasturba marg,353
2025-02-28,Borivali,307
2025-02-28,Andheri,67
2025-02-28,D. N. Nagar,329
2025-02-28,Nirmal Nagar,245
2025-02-28,Navghar,173
2025-02-28,Deonar,110
2025-02-28,Kurla,280
2025-02-28,Sion,361
2025-02-28,Worli,236
2025-02-28,Gamdevi,41
2025-02-28,Dongri,146
2025-02-28,Dahisar,77
2025-02-28,Kandivali,303
2025-02-28,Jogeshwari,321
2025-02-28,Versova,92
2025-02-28,Sahar,78
2025-02-28,Bhandup,133
2025-02-28,Shivaji Nagar,231
2025-02-28,Vinoba Bhave Nagar,145
2025-02-28,Antop Hill,259
2025-02-28,N. M. Joshi Marg,217
2025-02-28,Malabar Hill,158
2025-02-28,Sir J.J. Marg,320
2025-02-28,Aarey,347
2025-02-28,Charkop,258
2025-02-28,Oshiwara,354
2025-02-28,Airport,177
2025-02-28,Mulund,232
2025-02-28,Tilak Nagar,102
2025-02-28,Dharavi,338
2025-02-28,Wadala Truck Terminal,281
2025-02-28,Marine Drive,375
2025-02-28,M.H.B. Colony,243
2025-02-28,Amboli,238
2025-02-28,Parksite,119
2025-02-28,Chunabhatti,87
2025-02-28,Gorai,94
2025-02-28,Mankhurd,117
2025-02-28,Govandi,84
2025-03-31,Vanrai,309
2025-03-31,Bangur Nagar,204
2025-03-31,Meghwadi,259
2025-03-31,Bandra,53
2025-03-31,Vakola,90
2025-03-31,Ghatkopar,147
2025-03-31,Chembur,342
2025-03-31,Dadar,368
2025-03-31,Bhoiwada,99
2025-03-31,Tardeo,120
2025-03-31,Yellow Gate,121
2025-03-31,Pydhonie,308
2025-03-31,Colaba,234
2025-03-31,Dindoshi,175
2025-03-31,Goregaon,313
2025-03-31,Sakinaka,225
2025-03-31,Khar,216
2025-03-31,VileParle,235
2025-03-31,PantNagar,362
2025-03-31,Nehru Nagar,331
2025-03-31,Shivaji Park,122
2025-03-31,Kalachowki,127
2025-03-31,Nagpada,211
2025-03-31,Wadala,84
2025-03-31,L. T. Marg,287
2025-03-31,Cuffe Parade,114
2025-03-31,Kurar,191
2025-03-31,Malad,188
2025-03-31,Powai,214
2025-03-31,Santacruz,224
2025-03-31,Kherwadi,341
2025-03-31,Vikhroli,139
2025-03-31,Trombay,244
2025-03-31,Mahim,272
2025-03-31,Matunga,92
2025-03-31,Agripada,183
2025-03-31,Sewree,74
2025-03-31,V. P. Road,237
2025-03-31,Azad Maidan,261
2025-03-31,Samta Nagar,222
2025-03-31,Malvani,356
2025-03-31,M I D C,146
2025-03-31,Juhu,312
2025-03-31,B.K.C.,98
2025-03-31,Kanjurmarg,174
2025-03-31,R.C.F.,76
2025-03-31,Shahu nagar,174
2025-03-31,R.A.K. Marg,167
2025-03-31,Byculla,304
2025-03-31,Dr.D.B Marg,195
2025-03-31,M.R.A. Marg,306
2025-03-31,Kasturba marg,302
2025-03-31,Borivali,293
2025-03-31,Andheri,101
2025-03-31,D. N. Nagar,295
2025-03-31,Nirmal Nagar,247
2025-03-31,Navghar,124
2025-03-31,Deonar,72
2025-03-31,Kurla,254
2025-03-31,Sion,329
2025-03-31,Worli,199
2025-03-31,Gamdevi,75
2025-03-31,Dongri,153
2025-03-31,Dahisar,93
2025-03-31,Kandivali,268
2025-03-31,Jogeshwari,292
2025-03-31,Versova,59
2025-03-31,Sahar,88
2025-03-31,Bhandup,122
2025-03-31,Shivaji Nagar,206
2025-03-31,Vinoba Bhave Nagar,163
2025-03-31,Antop Hill,231
2025-03-31,N. M. Joshi Marg,205
2025-03-31,Malabar Hill,121
2025-03-31,Sir J.J. Marg,357
2025-03-31,Aarey,323
2025-03-31,Charkop,295
2025-03-31,Oshiwara,355
2025-03-31,Airport,182
2025-03-31,Mulund,192
2025-03-31,Tilak Nagar,134
2025-03-31,Dharavi,305
2025-03-31,Wadala Truck Terminal,263
2025-03-31,Marine Drive,324
2025-03-31,M.H.B. Colony,239
2025-03-31,Amboli,217
2025-03-31,Parksite,107
2025-03-31,Chunabhatti,52
2025-03-31,Gorai,62
2025-03-31,Mankhurd,131
2025-03-31,Govandi,46
2025-04-30,Vanrai,331
2025-04-30,Bangur Nagar,216
2025-04-30,Meghwadi,248
2025-04-30,Bandra,95
2025-04-30,Vakola,106
2025-04-30,Ghatkopar,172
2025-04-30,Chembur,313
2025-04-30,Dadar,329
2025-04-30,Bhoiwada,67
2025-04-30,Tardeo,141
2025-04-30,Yellow Gate,151
2025-04-30,Pydhonie,264
2025-04-30,Colaba,197
2025-04-30,Dindoshi,178
2025-04-30,Goregaon,309
2025-04-30,Sakinaka,212
2025-04-30,Khar,245
2025-04-30,VileParle,194
2025-04-30,PantNagar,348
2025-04-30,Nehru Nagar,338
2025-04-30,Shivaji Park,99
2025-04-30,Kalachowki,133
2025-04-30,Nagpada,222
2025-04-30,Wadala,100
2025-04-30,L. T. Marg,243
2025-04-30,Cuffe Parade,96
2025-04-30,Kurar,207
2025-04-30,Malad,174
2025-04-30,Powai,215
2025-04-30,Santacruz,182
2025-04-30,Kherwadi,368
2025-04-30,Vikhroli,142
2025-04-30,Trombay,228
2025-04-30,Mahim,294
2025-04-30,Matunga,82
2025-04-30,Agripada,210
2025-04-30,Sewree,32
2025-04-30,V. P. Road,216
2025-04-30,Azad Maidan,283
2025-04-30,Samta Nagar,227
2025-04-30,Malvani,337
2025-04-30,M I D C,153
2025-04-30,Juhu,295
2025-04-30,B.K.C.,91
2025-04-30,Kanjurmarg,203
2025-04-30,R.C.F.,100
2025-04-30,Shahu nagar,194
2025-04-30,R.A.K. Marg,170
2025-04-30,Byculla,270
2025-04-30,Dr.D.B Marg,217
2025-04-30,M.R.A. Marg,298
2025-04-30,Kasturba marg,308
2025-04-30,Borivali,296
2025-04-30,Andheri,81
2025-04-30,D. N. Nagar,322
2025-04-30,Nirmal Nagar,238
2025-04-30,Navghar,123
2025-04-30,Deonar,129
2025-04-30,Kurla,238
2025-04-30,Sion,365
2025-04-30,Worli,222
2025-04-30,Gamdevi,58
2025-04-30,Dongri,122
2025-04-30,Dahisar,102
2025-04-30,Kandivali,315
2025-04-30,Jogeshwari,272
2025-04-30,Versova,94
2025-04-30,Sahar,40
2025-04-30,Bhandup,122
2025-04-30,Shivaji Nagar,261
2025-04-30,Vinoba Bhave Nagar,138
2025-04-30,Antop Hill,281
2025-04-30,N. M. Joshi Marg,224
2025-04-30,Malabar Hill,126
2025-04-30,Sir J.J. Marg,348
2025-04-30,Aarey,346
2025-04-30,Charkop,269
2025-04-30,Oshiwara,329
2025-04-30,Airport,156
2025-04-30,Mulund,230
2025-04-30,Tilak Nagar,127
2025-04-30,Dharavi,298
2025-04-30,Wadala Truck Terminal,238
2025-04-30,Marine Drive,354
2025-04-30,M.H.B. Colony,229
2025-04-30,Amboli,248
2025-04-30,Parksite,112
2025-04-30,Chunabhatti,99
2025-04-30,Gorai,73
2025-04-30,Mankhurd,94
2025-04-30,Govandi,96
2025-05-31,Vanrai,353
2025-05-31,Bangur Nagar,255
2025-05-31,Meghwadi,257
2025-05-31,Bandra,63
2025-05-31,Vakola,114
2025-05-31,Ghatkopar,207
2025-05-31,Chembur,311
2025-05-31,Dadar,406
2025-05-31,Bhoiwada,123
2025-05-31,Tardeo,177
2025-05-31,Yellow Gate,166
2025-05-31,Pydhonie,292
2025-05-31,Colaba,232
2025-05-31,Dindoshi,148
2025-05-31,Goregaon,313
2025-05-31,Sakinaka,232
2025-05-31,Khar,278
2025-05-31,VileParle,278
2025-05-31,PantNagar,364
2025-05-31,Nehru Nagar,332
2025-05-31,Shivaji Park,141
2025-05-31,Kalachowki,142
2025-05-31,Nagpada,220
2025-05-31,Wadala,124
2025-05-31,L. T. Marg,314
2025-05-31,Cuffe Parade,175
2025-05-31,Kurar,216
2025-05-31,Malad,251
2025-05-31,Powai,231
2025-05-31,Santacruz,224
2025-05-31,Kherwadi,339
2025-05-31,Vikhroli,185
2025-05-31,Trombay,229
2025-05-31,Mahim,284
2025-05-31,Matunga,125
2025-05-31,Agripada,220
2025-05-31,Sewree,108
2025-05-31,V. P. Road,307
2025-05-31,Azad Maidan,285
2025-05-31,Samta Nagar,290
2025-05-31,Malvani,372
2025-05-31,M I D C,198
2025-05-31,Juhu,293
2025-05-31,B.K.C.,139
2025-05-31,Kanjurmarg,225
2025-05-31,R.C.F.,151
2025-05-31,Shahu nagar,213
2025-05-31,R.A.K. Marg,201
2025-05-31,Byculla,324
2025-05-31,Dr.D.B Marg,196
2025-05-31,M.R.A. Marg,386
2025-05-31,Kasturba marg,374
2025-05-31,Borivali,292
2025-05-31,Andheri,78
2025-05-31,D. N. Nagar,334
2025-05-31,Nirmal Nagar,236
2025-05-31,Navghar,179
2025-05-31,Deonar,170
2025-05-31,Kurla,273
2025-05-31,Sion,370
2025-05-31,Worli,221
2025-05-31,Gamdevi,94
2025-05-31,Dongri,142
2025-05-31,Dahisar,108
2025-05-31,Kandivali,286
2025-05-31,Jogeshwari,292
2025-05-31,Versova,100
2025-05-31,Sahar,78
2025-05-31,Bhandup,179
2025-05-31,Shivaji Nagar,273
2025-05-31,Vinoba Bhave Nagar,159
2025-05-31,Antop Hill,252
2025-05-31,N. M. Joshi Marg,263
2025-05-31,Malabar Hill,168
2025-05-31,Sir J.J. Marg,390
2025-05-31,Aarey,418
2025-05-31,Charkop,338
2025-05-31,Oshiwara,386
2025-05-31,Airport,235
2025-05-31,Mulund,275
2025-05-31,Tilak Nagar,155
2025-05-31,Dharavi,342
2025-05-31,Wadala Truck Terminal,246
2025-05-31,Marine Drive,392
2025-05-31,M.H.B. Colony,289
2025-05-31,Amboli,228
2025-05-31,Parksite,144
2025-05-31,Chunabhatti,120
2025-05-31,Gorai,84
2025-05-31,Mankhurd,117
2025-05-31,Govandi,115
2025-06-30,Vanrai,348
2025-06-30,Bangur Nagar,224
2025-06-30,Meghwadi,243
2025-06-30,Bandra,91
2025-06-30,Vakola,127
2025-06-30,Ghatkopar,182
2025-06-30,Chembur,346
2025-06-30,Dadar,352
2025-06-30,Bhoiwada,101
2025-06-30,Tardeo,180
2025-06-30,Yellow Gate,126
2025-06-30,Pydhonie,306
2025-06-30,Colaba,213
2025-06-30,Dindoshi,173
2025-06-30,Goregaon,354
2025-06-30,Sakinaka,242
2025-06-30,Khar,273
2025-06-30,VileParle,215
2025-06-30,PantNagar,351
2025-06-30,Nehru Nagar,344
2025-06-30,Shivaji Park,155
2025-06-30,Kalachowki,142
2025-06-30,Nagpada,279
2025-06-30,Wadala,83
2025-06-30,L. T. Marg,309
2025-06-30,Cuffe Parade,121
2025-06-30,Kurar,181
2025-06-30,Malad,224
2025-06-30,Powai,203
2025-06-30,Santacruz,224
2025-06-30,Kherwadi,411
2025-06-30,Vikhroli,133
2025-06-30,Trombay,268
2025-06-30,Mahim,351
2025-06-30,Matunga,98
2025-06-30,Agripada,213
2025-06-30,Sewree,90
2025-06-30,V. P. Road,250
2025-06-30,Azad Maidan,338
2025-06-30,Samta Nagar,265
2025-06-30,Malvani,376
2025-06-30,M I D C,183
2025-06-30,Juhu,348
2025-06-30,B.K.C.,154
2025-06-30,Kanjurmarg,229
2025-06-30,R.C.F.,183
2025-06-30,Shahu nagar,247
2025-06-30,R.A.K. Marg,184
2025-06-30,Byculla,316
2025-06-30,Dr.D.B Marg,223
2025-06-30,M.R.A. Marg,335
2025-06-30,Kasturba marg,352
2025-06-30,Borivali,311
2025-06-30,Andheri,100
2025-06-30,D. N. Nagar,338
2025-06-30,Nirmal Nagar,277
2025-06-30,Navghar,169
2025-06-30,Deonar,117
2025-06-30,Kurla,281
2025-06-30,Sion,376
2025-06-30,Worli,280
2025-06-30,Gamdevi,77
2025-06-30,Dongri,159
2025-06-30,Dahisar,84
2025-06-30,Kandivali,315
2025-06-30,Jogeshwari,311
2025-06-30,Versova,130
2025-06-30,Sahar,99
2025-06-30,Bhandup,168
2025-06-30,Shivaji Nagar,242
2025-06-30,Vinoba Bhave Nagar,144
2025-06-30,Antop Hill,305
2025-06-30,N. M. Joshi Marg,208
2025-06-30,Malabar Hill,191
2025-06-30,Sir J.J. Marg,358
2025-06-30,Aarey,410
2025-06-30,Charkop,277
2025-06-30,Oshiwara,360
2025-06-30,Airport,199
2025-06-30,Mulund,239
2025-06-30,Tilak Nagar,107
2025-06-30,Dharavi,345
2025-06-30,Wadala Truck Terminal,255
2025-06-30,Marine Drive,380
2025-06-30,M.H.B. Colony,268
2025-06-30,Amboli,250
2025-06-30,Parksite,119
2025-06-30,Chunabhatti,145
2025-06-30,Gorai,102
2025-06-30,Mankhurd,119
2025-06-30,Govandi,63
2025-07-31,Vanrai,336
2025-07-31,Bangur Nagar,215
2025-07-31,Meghwadi,240
2025-07-31,Bandra,78
2025-07-31,Vakola,90
2025-07-31,Ghatkopar,148
2025-07-31,Chembur,341
2025-07-31,Dadar,347
2025-07-31,Bhoiwada,49
2025-07-31,Tardeo,125
2025-07-31,Yellow Gate,95
2025-07-31,Pydhonie,303
2025-07-31,Colaba,197
2025-07-31,Dindoshi,132
2025-07-31,Goregaon,306
2025-07-31,Sakinaka,210
2025-07-31,Khar,242
2025-07-31,VileParle,200
2025-07-31,PantNagar,358
2025-07-31,Nehru Nagar,326
2025-07-31,Shivaji Park,136
2025-07-31,Kalachowki,142
2025-07-31,Nagpada,217
2025-07-31,Wadala,97
2025-07-31,L. T. Marg,296
2025-07-31,Cuffe Parade,116
2025-07-31,Kurar,148
2025-07-31,Malad,189
2025-07-31,Powai,215
2025-07-31,Santacruz,203
2025-07-31,Kherwadi,354
2025-07-31,Vikhroli,159
2025-07-31,Trombay,235
2025-07-31,Mahim,276
2025-07-31,Matunga,101
2025-07-31,Agripada,194
2025-07-31,Sewree,73
2025-07-31,V. P. Road,250
2025-07-31,Azad Maidan,300
2025-07-31,Samta Nagar,194
2025-07-31,Malvani,333
2025-07-31,M I D C,129
2025-07-31,Juhu,308
2025-07-31,B.K.C.,140
2025-07-31,Kanjurmarg,178
2025-07-31,R.C.F.,81
2025-07-31,Shahu nagar,222
2025-07-31,R.A.K. Marg,178
2025-07-31,Byculla,309
2025-07-31,Dr.D.B Marg,173
2025-07-31,M.R.A. Marg,314
2025-07-31,Kasturba marg,337
2025-07-31,Borivali,303
2025-07-31,Andheri,87
2025-07-31,D. N. Nagar,300
2025-07-31,Nirmal Nagar,210
2025-07-31,Navghar,168
2025-07-31,Deonar,72
2025-07-31,Kurla,253
2025-07-31,Sion,305
2025-07-31,Worli,212
2025-07-31,Gamdevi,51
2025-07-31,Dongri,116
2025-07-31,Dahisar,61
2025-07-31,Kandivali,289
2025-07-31,Jogeshwari,305
2025-07-31,Versova,55
2025-07-31,Sahar,38
2025-07-31,Bhandup,110
2025-07-31,Shivaji Nagar,219
2025-07-31,Vinoba Bhave Nagar,162
2025-07-31,Antop Hill,279
2025-07-31,N. M. Joshi Marg,196
2025-07-31,Malabar Hill,161
2025-07-31,Sir J.J. Marg,357
2025-07-31,Aarey,327
2025-07-31,Charkop,296
2025-07-31,Oshiwara,343
2025-07-31,Airport,169
2025-07-31,Mulund,204
2025-07-31,Tilak Nagar,87
2025-07-31,Dharavi,310
2025-07-31,Wadala Truck Terminal,278
2025-07-31,Marine Drive,352
2025-07-31,M.H.B. Colony,228
2025-07-31,Amboli,211
2025-07-31,Parksite,81
2025-07-31,Chunabhatti,52
2025-07-31,Gorai,56
2025-07-31,Mankhurd,85
2025-07-31,Govandi,53
2025-08-31,Vanrai,359
2025-08-31,Bangur Nagar,203
2025-08-31,Meghwadi,225
2025-08-31,Bandra,87
2025-08-31,Vakola,133
2025-08-31,Ghatkopar,168
2025-08-31,Chembur,312
2025-08-31,Dadar,316
2025-08-31,Bhoiwada,102
2025-08-31,Tardeo,156
2025-08-31,Yellow Gate,120
2025-08-31,Pydhonie,265
2025-08-31,Colaba,249
2025-08-31,Dindoshi,177
2025-08-31,Goregaon,298
2025-08-31,Sakinaka,219
2025-08-31,Khar,255
2025-08-31,VileParle,243
2025-08-31,PantNagar,318
2025-08-31,Nehru Nagar,355
2025-08-31,Shivaji Park,137
2025-08-31,Kalachowki,147
2025-08-31,Nagpada,232
2025-08-31,Wadala,50
2025-08-31,L. T. Marg,279
2025-08-31,Cuffe Parade,114
2025-08-31,Kurar,187
2025-08-31,Malad,181
2025-08-31,Powai,205
2025-08-31,Santacruz,239
2025-08-31,Kherwadi,325
2025-08-31,Vikhroli,154
2025-08-31,Trombay,259
2025-08-31,Mahim,292
2025-08-31,Matunga,99
2025-08-31,Agripada,199
2025-08-31,Sewree,73
2025-08-31,V. P. Road,262
2025-08-31,Azad Maidan,253
2025-08-31,Samta Nagar,244
2025-08-31,Malvani,348
2025-08-31,M I D C,163
2025-08-31,Juhu,308
2025-08-31,B.K.C.,149
2025-08-31,Kanjurmarg,194
2025-08-31,R.C.F.,113
2025-08-31,Shahu nagar,174
2025-08-31,R.A.K. Marg,178
2025-08-31,Byculla,274
2025-08-31,Dr.D.B Marg,175
2025-08-31,M.R.A. Marg,338
2025-08-31,Kasturba marg,307
2025-08-31,Borivali,289
2025-08-31,Andheri,77
2025-08-31,D. N. Nagar,299
2025-08-31,Nirmal Nagar,218
2025-08-31,Navghar,132
2025-08-31,Deonar,105
2025-08-31,Kurla,273
2025-08-31,Sion,355
2025-08-31,Worli,212
2025-08-31,Gamdevi,58
2025-08-31,Dongri,118
2025-08-31,Dahisar,70
2025-08-31,Kandivali,289
2025-08-31,Jogeshwari,275
2025-08-31,Versova,78
2025-08-31,Sahar,72
2025-08-31,Bhandup,131
2025-08-31,Shivaji Nagar,232
2025-08-31,Vinoba Bhave Nagar,121
2025-08-31,Antop Hill,257
2025-08-31,N. M. Joshi Marg,215
2025-08-31,Malabar Hill,134
2025-08-31,Sir J.J. Marg,331
2025-08-31,Aarey,359
2025-08-31,Charkop,266
2025-08-31,Oshiwara,344
2025-08-31,Airport,202
2025-08-31,Mulund,221
2025-08-31,Tilak Nagar,125
2025-08-31,Dharavi,291
2025-08-31,Wadala Truck Terminal,240
2025-08-31,Marine Drive,341
2025-08-31,M.H.B. Colony,223
2025-08-31,Amboli,225
2025-08-31,Parksite,94
2025-08-31,Chunabhatti,64
2025-08-31,Gorai,97
2025-08-31,Mankhurd,127
2025-08-31,Govandi,96
2025-09-30,Vanrai,327
2025-09-30,Bangur Nagar,205
2025-09-30,Meghwadi,255
2025-09-30,Bandra,68
2025-09-30,Vakola,80
2025-09-30,Ghatkopar,151
2025-09-30,Chembur,335
2025-09-30,Dadar,323
2025-09-30,Bhoiwada,46
2025-09-30,Tardeo,106
2025-09-30,Yellow Gate,105
2025-09-30,Pydhonie,313
2025-09-30,Colaba,197
2025-09-30,Dindoshi,131
2025-09-30,Goregaon,292
2025-09-30,Sakinaka,226
2025-09-30,Khar,208
2025-09-30,VileParle,212
2025-09-30,PantNagar,360
2025-09-30,Nehru Nagar,322
2025-09-30,Shivaji Park,102
2025-09-30,Kalachowki,124
2025-09-30,Nagpada,250
2025-09-30,Wadala,45
2025-09-30,L. T. Marg,285
2025-09-30,Cuffe Parade,100
2025-09-30,Kurar,174
2025-09-30,Malad,179
2025-09-30,Powai,177
2025-09-30,Santacruz,188
2025-09-30,Kherwadi,357
2025-09-30,Vikhroli,119
2025-09-30,Trombay,232
2025-09-30,Mahim,271
2025-09-30,Matunga,107
2025-09-30,Agripada,192
2025-09-30,Sewree,43
2025-09-30,V. P. Road,224
2025-09-30,Azad Maidan,267
2025-09-30,Samta Nagar,249
2025-09-30,Malvani,335
2025-09-30,M I D C,127
2025-09-30,Juhu,312
2025-09-30,B.K.C.,126
2025-09-30,Kanjurmarg,196
2025-09-30,R.C.F.,101
2025-09-30,Shahu nagar,213
2025-09-30,R.A.K. Marg,181
2025-09-30,Byculla,276
2025-09-30,Dr.D.B Marg,191
2025-09-30,M.R.A. Marg,354
2025-09-30,Kasturba marg,321
2025-09-30,Borivali,322
2025-09-30,Andheri,64
2025-09-30,D. N. Nagar,307
2025-09-30,Nirmal Nagar,228
2025-09-30,Navghar,167
2025-09-30,Deonar,82
2025-09-30,Kurla,266
2025-09-30,Sion,330
2025-09-30,Worli,224
2025-09-30,Gamdevi,41
2025-09-30,Dongri,103
2025-09-30,Dahisar,68
2025-09-30,Kandivali,289
2025-09-30,Jogeshwari,281
2025-09-30,Versova,87
2025-09-30,Sahar,44
2025-09-30,Bhandup,118
2025-09-30,Shivaji Nagar,256
2025-09-30,Vinoba Bhave Nagar,136
2025-09-30,Antop Hill,273
2025-09-30,N. M. Joshi Marg,198
2025-09-30,Malabar Hill,165
2025-09-30,Sir J.J. Marg,351
2025-09-30,Aarey,360
2025-09-30,Charkop,266
2025-09-30,Oshiwara,353
2025-09-30,Airport,210
2025-09-30,Mulund,246
2025-09-30,Tilak Nagar,101
2025-09-30,Dharavi,281
2025-09-30,Wadala Truck Terminal,277
2025-09-30,Marine Drive,353
2025-09-30,M.H.B. Colony,252
2025-09-30,Amboli,240
2025-09-30,Parksite,104
2025-09-30,Chunabhatti,70
2025-09-30,Gorai,67
2025-09-30,Mankhurd,111
2025-09-30,Govandi,78
